Device: cuda
RETFound load: loaded=294 missing=0 unexpected=0 encoder_keys=294 path=C:\Users\gaura\OneDrive\Desktop\BRSETvsmBRSET\weights\RETFound_cfp_weights.pth
Train settings: amp=True batch_size=16 grad_accum_steps=1 effective_batch=16
python.exe : 
At C:\Users\gaura\OneDrive\Desktop\BRSETvsmBRSET\scripts\run_queue.ps1:4 char:1
+ & $py scripts\run_experiment.py --config configs\brset_mbrset_retfoun ...
+ ~~~~~~~~~~~~~~~~~~~~~~~~~~~~~~~~~~~~~~~~~~~~~~~~~~~~~~~~~~~~~~~~~~~~~
    + CategoryInfo          : NotSpecified: (:String) [], RemoteException
    + FullyQualifiedErrorId : NativeCommandError
 
train:   0%|          | 0/115 [00:00<?, ?it/s]
train:   1%|          | 1/115 [00:13<25:21, 13.34s/it]
train:   2%|1         | 2/115 [00:14<11:10,  5.94s/it]
train:   3%|2         | 3/115 [00:14<06:39,  3.56s/it]
train:   3%|3         | 4/115 [00:15<04:32,  2.45s/it]
train:   4%|4         | 5/115 [00:16<03:21,  1.84s/it]
train:   5%|5         | 6/115 [00:17<02:39,  1.46s/it]
train:   6%|6         | 7/115 [00:17<02:12,  1.23s/it]
train:   7%|6         | 8/115 [00:18<01:54,  1.07s/it]
train:   8%|7         | 9/115 [00:19<01:42,  1.03it/s]
train:   9%|8         | 10/115 [00:20<01:34,  1.11it/s]
train:  10%|9         | 11/115 [00:20<01:28,  1.17it/s]
train:  10%|#         | 12/115 [00:21<01:24,  1.22it/s]
train:  11%|#1        | 13/115 [00:22<01:21,  1.26it/s]
train:  12%|#2        | 14/115 [00:23<01:18,  1.28it/s]
train:  13%|#3        | 15/115 [00:23<01:16,  1.30it/s]
train:  14%|#3        | 16/115 [00:24<01:15,  1.31it/s]
train:  15%|#4        | 17/115 [00:25<01:14,  1.32it/s]
train:  16%|#5        | 18/115 [00:25<01:12,  1.33it/s]
train:  17%|#6        | 19/115 [00:26<01:11,  1.34it/s]
train:  17%|#7        | 20/115 [00:27<01:11,  1.34it/s]
train:  18%|#8        | 21/115 [00:28<01:10,  1.34it/s]
train:  19%|#9        | 22/115 [00:28<01:09,  1.34it/s]
train:  20%|##        | 23/115 [00:29<01:08,  1.34it/s]
train:  21%|##        | 24/115 [00:30<01:07,  1.34it/s]
train:  22%|##1       | 25/115 [00:31<01:06,  1.34it/s]
train:  23%|##2       | 26/115 [00:31<01:06,  1.35it/s]
train:  23%|##3       | 27/115 [00:32<01:05,  1.35it/s]
train:  24%|##4       | 28/115 [00:33<01:04,  1.35it/s]
train:  25%|##5       | 29/115 [00:34<01:03,  1.34it/s]
train:  26%|##6       | 30/115 [00:34<01:03,  1.35it/s]
train:  27%|##6       | 31/115 [00:35<01:02,  1.35it/s]
train:  28%|##7       | 32/115 [00:36<01:01,  1.35it/s]
train:  29%|##8       | 33/115 [00:37<01:00,  1.35it/s]
train:  30%|##9       | 34/115 [00:37<01:00,  1.34it/s]
train:  30%|###       | 35/115 [00:38<00:59,  1.34it/s]
train:  31%|###1      | 36/115 [00:39<00:58,  1.34it/s]
train:  32%|###2      | 37/115 [00:40<00:58,  1.34it/s]
train:  33%|###3      | 38/115 [00:40<00:57,  1.34it/s]
train:  34%|###3      | 39/115 [00:41<00:56,  1.34it/s]
train:  35%|###4      | 40/115 [00:42<00:56,  1.34it/s]
train:  36%|###5      | 41/115 [00:43<00:55,  1.34it/s]
train:  37%|###6      | 42/115 [00:43<00:54,  1.34it/s]
train:  37%|###7      | 43/115 [00:44<00:53,  1.34it/s]
train:  38%|###8      | 44/115 [00:45<00:52,  1.34it/s]
train:  39%|###9      | 45/115 [00:46<00:52,  1.34it/s]
train:  40%|####      | 46/115 [00:46<00:51,  1.34it/s]
train:  41%|####      | 47/115 [00:47<00:50,  1.34it/s]
train:  42%|####1     | 48/115 [00:48<00:49,  1.34it/s]
train:  43%|####2     | 49/115 [00:49<00:49,  1.35it/s]
train:  43%|####3     | 50/115 [00:49<00:48,  1.35it/s]
train:  44%|####4     | 51/115 [00:50<00:47,  1.35it/s]
train:  45%|####5     | 52/115 [00:51<00:46,  1.35it/s]
train:  46%|####6     | 53/115 [00:52<00:46,  1.34it/s]
train:  47%|####6     | 54/115 [00:52<00:45,  1.34it/s]
train:  48%|####7     | 55/115 [00:53<00:44,  1.34it/s]
train:  49%|####8     | 56/115 [00:54<00:43,  1.34it/s]
train:  50%|####9     | 57/115 [00:54<00:43,  1.34it/s]
train:  50%|#####     | 58/115 [00:55<00:42,  1.34it/s]
train:  51%|#####1    | 59/115 [00:56<00:41,  1.34it/s]
train:  52%|#####2    | 60/115 [00:57<00:40,  1.34it/s]
train:  53%|#####3    | 61/115 [00:57<00:40,  1.34it/s]
train:  54%|#####3    | 62/115 [00:58<00:39,  1.34it/s]
train:  55%|#####4    | 63/115 [00:59<00:38,  1.34it/s]
train:  56%|#####5    | 64/115 [01:00<00:37,  1.34it/s]
train:  57%|#####6    | 65/115 [01:00<00:37,  1.34it/s]
train:  57%|#####7    | 66/115 [01:01<00:36,  1.35it/s]
train:  58%|#####8    | 67/115 [01:02<00:35,  1.34it/s]
train:  59%|#####9    | 68/115 [01:03<00:34,  1.34it/s]
train:  60%|######    | 69/115 [01:03<00:34,  1.34it/s]
train:  61%|######    | 70/115 [01:04<00:33,  1.34it/s]
train:  62%|######1   | 71/115 [01:05<00:32,  1.34it/s]
train:  63%|######2   | 72/115 [01:06<00:31,  1.34it/s]
train:  63%|######3   | 73/115 [01:06<00:31,  1.34it/s]
train:  64%|######4   | 74/115 [01:07<00:30,  1.34it/s]
train:  65%|######5   | 75/115 [01:08<00:29,  1.34it/s]
train:  66%|######6   | 76/115 [01:09<00:29,  1.34it/s]
train:  67%|######6   | 77/115 [01:09<00:28,  1.34it/s]
train:  68%|######7   | 78/115 [01:10<00:27,  1.34it/s]
train:  69%|######8   | 79/115 [01:11<00:26,  1.35it/s]
train:  70%|######9   | 80/115 [01:12<00:25,  1.35it/s]
train:  70%|#######   | 81/115 [01:12<00:25,  1.35it/s]
train:  71%|#######1  | 82/115 [01:13<00:24,  1.34it/s]
train:  72%|#######2  | 83/115 [01:14<00:23,  1.35it/s]
train:  73%|#######3  | 84/115 [01:15<00:23,  1.35it/s]
train:  74%|#######3  | 85/115 [01:15<00:22,  1.35it/s]
train:  75%|#######4  | 86/115 [01:16<00:21,  1.34it/s]
train:  76%|#######5  | 87/115 [01:17<00:20,  1.34it/s]
train:  77%|#######6  | 88/115 [01:18<00:20,  1.34it/s]
train:  77%|#######7  | 89/115 [01:18<00:19,  1.34it/s]
train:  78%|#######8  | 90/115 [01:19<00:18,  1.34it/s]
train:  79%|#######9  | 91/115 [01:20<00:17,  1.34it/s]
train:  80%|########  | 92/115 [01:21<00:17,  1.35it/s]
train:  81%|########  | 93/115 [01:21<00:16,  1.35it/s]
train:  82%|########1 | 94/115 [01:22<00:15,  1.35it/s]
train:  83%|########2 | 95/115 [01:23<00:14,  1.34it/s]
train:  83%|########3 | 96/115 [01:24<00:14,  1.34it/s]
train:  84%|########4 | 97/115 [01:24<00:13,  1.34it/s]
train:  85%|########5 | 98/115 [01:25<00:12,  1.34it/s]
train:  86%|########6 | 99/115 [01:26<00:11,  1.34it/s]
train:  87%|########6 | 100/115 [01:26<00:11,  1.34it/s]
train:  88%|########7 | 101/115 [01:27<00:10,  1.34it/s]
train:  89%|########8 | 102/115 [01:28<00:09,  1.35it/s]
train:  90%|########9 | 103/115 [01:29<00:08,  1.34it/s]
train:  90%|######### | 104/115 [01:29<00:08,  1.34it/s]
train:  91%|#########1| 105/115 [01:30<00:07,  1.34it/s]
train:  92%|#########2| 106/115 [01:31<00:06,  1.34it/s]
train:  93%|#########3| 107/115 [01:32<00:05,  1.34it/s]
train:  94%|#########3| 108/115 [01:32<00:05,  1.34it/s]
train:  95%|#########4| 109/115 [01:33<00:04,  1.34it/s]
train:  96%|#########5| 110/115 [01:34<00:03,  1.34it/s]
train:  97%|#########6| 111/115 [01:35<00:02,  1.34it/s]
train:  97%|#########7| 112/115 [01:35<00:02,  1.35it/s]
train:  98%|#########8| 113/115 [01:36<00:01,  1.35it/s]
train:  99%|#########9| 114/115 [01:37<00:00,  1.35it/s]
train: 100%|##########| 115/115 [01:37<00:00,  1.75it/s]
                                                        

eval:   0%|          | 0/10 [00:00<?, ?it/s]
eval:  10%|#         | 1/10 [00:12<01:54, 12.68s/it]
eval:  30%|###       | 3/10 [00:12<00:23,  3.36s/it]
eval:  50%|#####     | 5/10 [00:13<00:08,  1.68s/it]
eval:  70%|#######   | 7/10 [00:13<00:03,  1.01s/it]
eval:  90%|######### | 9/10 [00:13<00:00,  1.51it/s]
epoch=1 train_loss=0.5587 val_auroc=0.7475 train_s=98.3 val_s=14.2
                                                    

train:   0%|          | 0/115 [00:00<?, ?it/s]
train:   1%|          | 1/115 [00:13<25:19, 13.33s/it]
train:   2%|1         | 2/115 [00:14<11:09,  5.93s/it]
train:   3%|2         | 3/115 [00:14<06:38,  3.56s/it]
train:   3%|3         | 4/115 [00:15<04:31,  2.45s/it]
train:   4%|4         | 5/115 [00:16<03:21,  1.83s/it]
train:   5%|5         | 6/115 [00:17<02:39,  1.46s/it]
train:   6%|6         | 7/115 [00:17<02:12,  1.23s/it]
train:   7%|6         | 8/115 [00:18<01:54,  1.07s/it]
train:   8%|7         | 9/115 [00:19<01:42,  1.03it/s]
train:   9%|8         | 10/115 [00:20<01:34,  1.11it/s]
train:  10%|9         | 11/115 [00:20<01:28,  1.17it/s]
train:  10%|#         | 12/115 [00:21<01:24,  1.22it/s]
train:  11%|#1        | 13/115 [00:22<01:21,  1.26it/s]
train:  12%|#2        | 14/115 [00:22<01:18,  1.28it/s]
train:  13%|#3        | 15/115 [00:23<01:16,  1.30it/s]
train:  14%|#3        | 16/115 [00:24<01:15,  1.32it/s]
train:  15%|#4        | 17/115 [00:25<01:13,  1.32it/s]
train:  16%|#5        | 18/115 [00:25<01:12,  1.33it/s]
train:  17%|#6        | 19/115 [00:26<01:11,  1.33it/s]
train:  17%|#7        | 20/115 [00:27<01:10,  1.34it/s]
train:  18%|#8        | 21/115 [00:28<01:10,  1.34it/s]
train:  19%|#9        | 22/115 [00:28<01:09,  1.34it/s]
train:  20%|##        | 23/115 [00:29<01:08,  1.34it/s]
train:  21%|##        | 24/115 [00:30<01:07,  1.34it/s]
train:  22%|##1       | 25/115 [00:31<01:07,  1.34it/s]
train:  23%|##2       | 26/115 [00:31<01:06,  1.34it/s]
train:  23%|##3       | 27/115 [00:32<01:05,  1.34it/s]
train:  24%|##4       | 28/115 [00:33<01:04,  1.34it/s]
train:  25%|##5       | 29/115 [00:34<01:04,  1.34it/s]
train:  26%|##6       | 30/115 [00:34<01:03,  1.34it/s]
train:  27%|##6       | 31/115 [00:35<01:02,  1.34it/s]
train:  28%|##7       | 32/115 [00:36<01:01,  1.34it/s]
train:  29%|##8       | 33/115 [00:37<01:01,  1.34it/s]
train:  30%|##9       | 34/115 [00:37<01:00,  1.34it/s]
train:  30%|###       | 35/115 [00:38<00:59,  1.34it/s]
train:  31%|###1      | 36/115 [00:39<00:58,  1.34it/s]
train:  32%|###2      | 37/115 [00:40<00:58,  1.34it/s]
train:  33%|###3      | 38/115 [00:40<00:57,  1.34it/s]
train:  34%|###3      | 39/115 [00:41<00:56,  1.34it/s]
train:  35%|###4      | 40/115 [00:42<00:55,  1.34it/s]
train:  36%|###5      | 41/115 [00:43<00:55,  1.34it/s]
train:  37%|###6      | 42/115 [00:43<00:54,  1.34it/s]
train:  37%|###7      | 43/115 [00:44<00:53,  1.35it/s]
train:  38%|###8      | 44/115 [00:45<00:52,  1.35it/s]
train:  39%|###9      | 45/115 [00:46<00:51,  1.35it/s]
train:  40%|####      | 46/115 [00:46<00:51,  1.35it/s]
train:  41%|####      | 47/115 [00:47<00:50,  1.34it/s]
train:  42%|####1     | 48/115 [00:48<00:49,  1.35it/s]
train:  43%|####2     | 49/115 [00:49<00:49,  1.35it/s]
train:  43%|####3     | 50/115 [00:49<00:48,  1.35it/s]
train:  44%|####4     | 51/115 [00:50<00:47,  1.34it/s]
train:  45%|####5     | 52/115 [00:51<00:46,  1.35it/s]
train:  46%|####6     | 53/115 [00:51<00:46,  1.35it/s]
train:  47%|####6     | 54/115 [00:52<00:45,  1.35it/s]
train:  48%|####7     | 55/115 [00:53<00:44,  1.34it/s]
train:  49%|####8     | 56/115 [00:54<00:43,  1.34it/s]
train:  50%|####9     | 57/115 [00:54<00:43,  1.34it/s]
train:  50%|#####     | 58/115 [00:55<00:42,  1.34it/s]
train:  51%|#####1    | 59/115 [00:56<00:41,  1.34it/s]
train:  52%|#####2    | 60/115 [00:57<00:40,  1.34it/s]
train:  53%|#####3    | 61/115 [00:57<00:40,  1.34it/s]
train:  54%|#####3    | 62/115 [00:58<00:39,  1.34it/s]
train:  55%|#####4    | 63/115 [00:59<00:38,  1.34it/s]
train:  56%|#####5    | 64/115 [01:00<00:37,  1.34it/s]
train:  57%|#####6    | 65/115 [01:00<00:37,  1.34it/s]
train:  57%|#####7    | 66/115 [01:01<00:36,  1.34it/s]
train:  58%|#####8    | 67/115 [01:02<00:35,  1.34it/s]
train:  59%|#####9    | 68/115 [01:03<00:35,  1.34it/s]
train:  60%|######    | 69/115 [01:03<00:34,  1.34it/s]
train:  61%|######    | 70/115 [01:04<00:33,  1.34it/s]
train:  62%|######1   | 71/115 [01:05<00:32,  1.34it/s]
train:  63%|######2   | 72/115 [01:06<00:32,  1.34it/s]
train:  63%|######3   | 73/115 [01:06<00:31,  1.34it/s]
train:  64%|######4   | 74/115 [01:07<00:30,  1.34it/s]
train:  65%|######5   | 75/115 [01:08<00:29,  1.34it/s]
train:  66%|######6   | 76/115 [01:09<00:29,  1.34it/s]
train:  67%|######6   | 77/115 [01:09<00:28,  1.34it/s]
train:  68%|######7   | 78/115 [01:10<00:27,  1.34it/s]
train:  69%|######8   | 79/115 [01:11<00:26,  1.34it/s]
train:  70%|######9   | 80/115 [01:12<00:26,  1.34it/s]
train:  70%|#######   | 81/115 [01:12<00:25,  1.34it/s]
train:  71%|#######1  | 82/115 [01:13<00:24,  1.34it/s]
train:  72%|#######2  | 83/115 [01:14<00:23,  1.34it/s]
train:  73%|#######3  | 84/115 [01:15<00:23,  1.34it/s]
train:  74%|#######3  | 85/115 [01:15<00:22,  1.34it/s]
train:  75%|#######4  | 86/115 [01:16<00:21,  1.34it/s]
train:  76%|#######5  | 87/115 [01:17<00:20,  1.34it/s]
train:  77%|#######6  | 88/115 [01:18<00:20,  1.34it/s]
train:  77%|#######7  | 89/115 [01:18<00:19,  1.34it/s]
train:  78%|#######8  | 90/115 [01:19<00:18,  1.35it/s]
train:  79%|#######9  | 91/115 [01:20<00:17,  1.34it/s]
train:  80%|########  | 92/115 [01:21<00:17,  1.34it/s]
train:  81%|########  | 93/115 [01:21<00:16,  1.34it/s]
train:  82%|########1 | 94/115 [01:22<00:15,  1.34it/s]
train:  83%|########2 | 95/115 [01:23<00:14,  1.34it/s]
train:  83%|########3 | 96/115 [01:24<00:14,  1.34it/s]
train:  84%|########4 | 97/115 [01:24<00:13,  1.34it/s]
train:  85%|########5 | 98/115 [01:25<00:12,  1.34it/s]
train:  86%|########6 | 99/115 [01:26<00:11,  1.34it/s]
train:  87%|########6 | 100/115 [01:26<00:11,  1.34it/s]
train:  88%|########7 | 101/115 [01:27<00:10,  1.34it/s]
train:  89%|########8 | 102/115 [01:28<00:09,  1.34it/s]
train:  90%|########9 | 103/115 [01:29<00:08,  1.34it/s]
train:  90%|######### | 104/115 [01:29<00:08,  1.34it/s]
train:  91%|#########1| 105/115 [01:30<00:07,  1.34it/s]
train:  92%|#########2| 106/115 [01:31<00:06,  1.34it/s]
train:  93%|#########3| 107/115 [01:32<00:05,  1.34it/s]
train:  94%|#########3| 108/115 [01:32<00:05,  1.34it/s]
train:  95%|#########4| 109/115 [01:33<00:04,  1.34it/s]
train:  96%|#########5| 110/115 [01:34<00:03,  1.34it/s]
train:  97%|#########6| 111/115 [01:35<00:02,  1.34it/s]
train:  97%|#########7| 112/115 [01:35<00:02,  1.34it/s]
train:  98%|#########8| 113/115 [01:36<00:01,  1.34it/s]
train:  99%|#########9| 114/115 [01:37<00:00,  1.34it/s]
train: 100%|##########| 115/115 [01:37<00:00,  1.68it/s]
                                                        

eval:   0%|          | 0/10 [00:00<?, ?it/s]
eval:  10%|#         | 1/10 [00:12<01:54, 12.67s/it]
eval:  30%|###       | 3/10 [00:12<00:23,  3.36s/it]
eval:  50%|#####     | 5/10 [00:13<00:08,  1.68s/it]
eval:  70%|#######   | 7/10 [00:13<00:03,  1.01s/it]
eval:  90%|######### | 9/10 [00:13<00:00,  1.51it/s]
epoch=2 train_loss=0.3962 val_auroc=0.9094 train_s=98.4 val_s=14.2
                                                    

train:   0%|          | 0/115 [00:00<?, ?it/s]
train:   1%|          | 1/115 [00:13<25:47, 13.57s/it]
train:   2%|1         | 2/115 [00:14<11:20,  6.03s/it]
train:   3%|2         | 3/115 [00:15<06:44,  3.61s/it]
train:   3%|3         | 4/115 [00:15<04:35,  2.48s/it]
train:   4%|4         | 5/115 [00:16<03:24,  1.85s/it]
train:   5%|5         | 6/115 [00:17<02:40,  1.48s/it]
train:   6%|6         | 7/115 [00:18<02:13,  1.24s/it]
train:   7%|6         | 8/115 [00:18<01:55,  1.08s/it]
train:   8%|7         | 9/115 [00:19<01:43,  1.03it/s]
train:   9%|8         | 10/115 [00:20<01:34,  1.11it/s]
train:  10%|9         | 11/115 [00:21<01:28,  1.17it/s]
train:  10%|#         | 12/115 [00:21<01:24,  1.22it/s]
train:  11%|#1        | 13/115 [00:22<01:21,  1.25it/s]
train:  12%|#2        | 14/115 [00:23<01:18,  1.28it/s]
train:  13%|#3        | 15/115 [00:23<01:16,  1.30it/s]
train:  14%|#3        | 16/115 [00:24<01:15,  1.32it/s]
train:  15%|#4        | 17/115 [00:25<01:13,  1.32it/s]
train:  16%|#5        | 18/115 [00:26<01:12,  1.33it/s]
train:  17%|#6        | 19/115 [00:26<01:11,  1.33it/s]
train:  17%|#7        | 20/115 [00:27<01:11,  1.34it/s]
train:  18%|#8        | 21/115 [00:28<01:10,  1.34it/s]
train:  19%|#9        | 22/115 [00:29<01:09,  1.34it/s]
train:  20%|##        | 23/115 [00:29<01:08,  1.34it/s]
train:  21%|##        | 24/115 [00:30<01:07,  1.34it/s]
train:  22%|##1       | 25/115 [00:31<01:06,  1.35it/s]
train:  23%|##2       | 26/115 [00:32<01:06,  1.34it/s]
train:  23%|##3       | 27/115 [00:32<01:05,  1.35it/s]
train:  24%|##4       | 28/115 [00:33<01:04,  1.34it/s]
train:  25%|##5       | 29/115 [00:34<01:03,  1.34it/s]
train:  26%|##6       | 30/115 [00:35<01:03,  1.34it/s]
train:  27%|##6       | 31/115 [00:35<01:02,  1.34it/s]
train:  28%|##7       | 32/115 [00:36<01:01,  1.34it/s]
train:  29%|##8       | 33/115 [00:37<01:00,  1.34it/s]
train:  30%|##9       | 34/115 [00:38<01:00,  1.35it/s]
train:  30%|###       | 35/115 [00:38<00:59,  1.34it/s]
train:  31%|###1      | 36/115 [00:39<00:58,  1.35it/s]
train:  32%|###2      | 37/115 [00:40<00:57,  1.35it/s]
train:  33%|###3      | 38/115 [00:41<00:57,  1.35it/s]
train:  34%|###3      | 39/115 [00:41<00:56,  1.34it/s]
train:  35%|###4      | 40/115 [00:42<00:55,  1.35it/s]
train:  36%|###5      | 41/115 [00:43<00:54,  1.35it/s]
train:  37%|###6      | 42/115 [00:44<00:54,  1.35it/s]
train:  37%|###7      | 43/115 [00:44<00:53,  1.34it/s]
train:  38%|###8      | 44/115 [00:45<00:52,  1.35it/s]
train:  39%|###9      | 45/115 [00:46<00:52,  1.35it/s]
train:  40%|####      | 46/115 [00:47<00:51,  1.35it/s]
train:  41%|####      | 47/115 [00:47<00:50,  1.35it/s]
train:  42%|####1     | 48/115 [00:48<00:49,  1.35it/s]
train:  43%|####2     | 49/115 [00:49<00:49,  1.35it/s]
train:  43%|####3     | 50/115 [00:49<00:48,  1.35it/s]
train:  44%|####4     | 51/115 [00:50<00:47,  1.35it/s]
train:  45%|####5     | 52/115 [00:51<00:46,  1.35it/s]
train:  46%|####6     | 53/115 [00:52<00:46,  1.35it/s]
train:  47%|####6     | 54/115 [00:52<00:45,  1.35it/s]
train:  48%|####7     | 55/115 [00:53<00:44,  1.35it/s]
train:  49%|####8     | 56/115 [00:54<00:43,  1.35it/s]
train:  50%|####9     | 57/115 [00:55<00:43,  1.34it/s]
train:  50%|#####     | 58/115 [00:55<00:42,  1.35it/s]
train:  51%|#####1    | 59/115 [00:56<00:41,  1.34it/s]
train:  52%|#####2    | 60/115 [00:57<00:40,  1.35it/s]
train:  53%|#####3    | 61/115 [00:58<00:40,  1.34it/s]
train:  54%|#####3    | 62/115 [00:58<00:39,  1.34it/s]
train:  55%|#####4    | 63/115 [00:59<00:38,  1.34it/s]
train:  56%|#####5    | 64/115 [01:00<00:37,  1.34it/s]
train:  57%|#####6    | 65/115 [01:01<00:37,  1.34it/s]
train:  57%|#####7    | 66/115 [01:01<00:36,  1.34it/s]
train:  58%|#####8    | 67/115 [01:02<00:35,  1.34it/s]
train:  59%|#####9    | 68/115 [01:03<00:34,  1.34it/s]
train:  60%|######    | 69/115 [01:04<00:34,  1.34it/s]
train:  61%|######    | 70/115 [01:04<00:33,  1.34it/s]
train:  62%|######1   | 71/115 [01:05<00:32,  1.34it/s]
train:  63%|######2   | 72/115 [01:06<00:32,  1.34it/s]
train:  63%|######3   | 73/115 [01:07<00:31,  1.34it/s]
train:  64%|######4   | 74/115 [01:07<00:30,  1.34it/s]
train:  65%|######5   | 75/115 [01:08<00:29,  1.34it/s]
train:  66%|######6   | 76/115 [01:09<00:29,  1.34it/s]
train:  67%|######6   | 77/115 [01:10<00:28,  1.34it/s]
train:  68%|######7   | 78/115 [01:10<00:27,  1.34it/s]
train:  69%|######8   | 79/115 [01:11<00:26,  1.34it/s]
train:  70%|######9   | 80/115 [01:12<00:26,  1.34it/s]
train:  70%|#######   | 81/115 [01:13<00:25,  1.34it/s]
train:  71%|#######1  | 82/115 [01:13<00:24,  1.34it/s]
train:  72%|#######2  | 83/115 [01:14<00:23,  1.34it/s]
train:  73%|#######3  | 84/115 [01:15<00:23,  1.34it/s]
train:  74%|#######3  | 85/115 [01:16<00:22,  1.34it/s]
train:  75%|#######4  | 86/115 [01:16<00:21,  1.34it/s]
train:  76%|#######5  | 87/115 [01:17<00:20,  1.34it/s]
train:  77%|#######6  | 88/115 [01:18<00:20,  1.35it/s]
train:  77%|#######7  | 89/115 [01:19<00:19,  1.34it/s]
train:  78%|#######8  | 90/115 [01:19<00:18,  1.34it/s]
train:  79%|#######9  | 91/115 [01:20<00:17,  1.34it/s]
train:  80%|########  | 92/115 [01:21<00:17,  1.34it/s]
train:  81%|########  | 93/115 [01:21<00:16,  1.34it/s]
train:  82%|########1 | 94/115 [01:22<00:15,  1.34it/s]
train:  83%|########2 | 95/115 [01:23<00:14,  1.34it/s]
train:  83%|########3 | 96/115 [01:24<00:14,  1.34it/s]
train:  84%|########4 | 97/115 [01:24<00:13,  1.34it/s]
train:  85%|########5 | 98/115 [01:25<00:12,  1.34it/s]
train:  86%|########6 | 99/115 [01:26<00:11,  1.34it/s]
train:  87%|########6 | 100/115 [01:27<00:11,  1.34it/s]
train:  88%|########7 | 101/115 [01:27<00:10,  1.34it/s]
train:  89%|########8 | 102/115 [01:28<00:09,  1.34it/s]
train:  90%|########9 | 103/115 [01:29<00:08,  1.34it/s]
train:  90%|######### | 104/115 [01:30<00:08,  1.34it/s]
train:  91%|#########1| 105/115 [01:30<00:07,  1.34it/s]
train:  92%|#########2| 106/115 [01:31<00:06,  1.34it/s]
train:  93%|#########3| 107/115 [01:32<00:05,  1.34it/s]
train:  94%|#########3| 108/115 [01:33<00:05,  1.34it/s]
train:  95%|#########4| 109/115 [01:33<00:04,  1.34it/s]
train:  96%|#########5| 110/115 [01:34<00:03,  1.34it/s]
train:  97%|#########6| 111/115 [01:35<00:02,  1.34it/s]
train:  97%|#########7| 112/115 [01:36<00:02,  1.34it/s]
train:  98%|#########8| 113/115 [01:36<00:01,  1.34it/s]
train:  99%|#########9| 114/115 [01:37<00:00,  1.35it/s]
train: 100%|##########| 115/115 [01:37<00:00,  1.68it/s]
                                                        

eval:   0%|          | 0/10 [00:00<?, ?it/s]
eval:  10%|#         | 1/10 [00:28<04:12, 28.10s/it]
eval:  30%|###       | 3/10 [00:28<00:51,  7.35s/it]
eval:  50%|#####     | 5/10 [00:28<00:18,  3.62s/it]
eval:  70%|#######   | 7/10 [00:28<00:06,  2.13s/it]
eval:  90%|######### | 9/10 [00:28<00:01,  1.36s/it]
epoch=3 train_loss=0.2982 val_auroc=0.9341 train_s=98.6 val_s=29.6
                                                    

train:   0%|          | 0/115 [00:00<?, ?it/s]
train:   1%|          | 1/115 [00:13<25:17, 13.31s/it]
train:   2%|1         | 2/115 [00:14<11:08,  5.92s/it]
train:   3%|2         | 3/115 [00:14<06:38,  3.55s/it]
train:   3%|3         | 4/115 [00:15<04:31,  2.44s/it]
train:   4%|4         | 5/115 [00:16<03:21,  1.83s/it]
train:   5%|5         | 6/115 [00:17<02:39,  1.46s/it]
train:   6%|6         | 7/115 [00:17<02:12,  1.23s/it]
train:   7%|6         | 8/115 [00:18<01:54,  1.07s/it]
train:   8%|7         | 9/115 [00:19<01:42,  1.03it/s]
train:   9%|8         | 10/115 [00:19<01:34,  1.11it/s]
train:  10%|9         | 11/115 [00:20<01:28,  1.17it/s]
train:  10%|#         | 12/115 [00:21<01:24,  1.22it/s]
train:  11%|#1        | 13/115 [00:22<01:21,  1.25it/s]
train:  12%|#2        | 14/115 [00:22<01:18,  1.28it/s]
train:  13%|#3        | 15/115 [00:23<01:16,  1.30it/s]
train:  14%|#3        | 16/115 [00:24<01:15,  1.31it/s]
train:  15%|#4        | 17/115 [00:25<01:14,  1.32it/s]
train:  16%|#5        | 18/115 [00:25<01:13,  1.33it/s]
train:  17%|#6        | 19/115 [00:26<01:11,  1.34it/s]
train:  17%|#7        | 20/115 [00:27<01:11,  1.34it/s]
train:  18%|#8        | 21/115 [00:28<01:10,  1.34it/s]
train:  19%|#9        | 22/115 [00:28<01:09,  1.34it/s]
train:  20%|##        | 23/115 [00:29<01:08,  1.34it/s]
train:  21%|##        | 24/115 [00:30<01:07,  1.34it/s]
train:  22%|##1       | 25/115 [00:31<01:06,  1.34it/s]
train:  23%|##2       | 26/115 [00:31<01:06,  1.34it/s]
train:  23%|##3       | 27/115 [00:32<01:05,  1.34it/s]
train:  24%|##4       | 28/115 [00:33<01:04,  1.35it/s]
train:  25%|##5       | 29/115 [00:34<01:03,  1.35it/s]
train:  26%|##6       | 30/115 [00:34<01:03,  1.34it/s]
train:  27%|##6       | 31/115 [00:35<01:02,  1.34it/s]
train:  28%|##7       | 32/115 [00:36<01:01,  1.34it/s]
train:  29%|##8       | 33/115 [00:37<01:00,  1.35it/s]
train:  30%|##9       | 34/115 [00:37<01:00,  1.35it/s]
train:  30%|###       | 35/115 [00:38<00:59,  1.35it/s]
train:  31%|###1      | 36/115 [00:39<00:58,  1.34it/s]
train:  32%|###2      | 37/115 [00:40<00:58,  1.34it/s]
train:  33%|###3      | 38/115 [00:40<00:57,  1.35it/s]
train:  34%|###3      | 39/115 [00:41<00:56,  1.35it/s]
train:  35%|###4      | 40/115 [00:42<00:55,  1.34it/s]
train:  36%|###5      | 41/115 [00:43<00:55,  1.34it/s]
train:  37%|###6      | 42/115 [00:43<00:54,  1.34it/s]
train:  37%|###7      | 43/115 [00:44<00:53,  1.34it/s]
train:  38%|###8      | 44/115 [00:45<00:52,  1.34it/s]
train:  39%|###9      | 45/115 [00:46<00:52,  1.34it/s]
train:  40%|####      | 46/115 [00:46<00:51,  1.34it/s]
train:  41%|####      | 47/115 [00:47<00:50,  1.35it/s]
train:  42%|####1     | 48/115 [00:48<00:49,  1.34it/s]
train:  43%|####2     | 49/115 [00:48<00:49,  1.34it/s]
train:  43%|####3     | 50/115 [00:49<00:48,  1.35it/s]
train:  44%|####4     | 51/115 [00:50<00:47,  1.34it/s]
train:  45%|####5     | 52/115 [00:51<00:46,  1.35it/s]
train:  46%|####6     | 53/115 [00:51<00:46,  1.35it/s]
train:  47%|####6     | 54/115 [00:52<00:45,  1.35it/s]
train:  48%|####7     | 55/115 [00:53<00:44,  1.34it/s]
train:  49%|####8     | 56/115 [00:54<00:43,  1.35it/s]
train:  50%|####9     | 57/115 [00:54<00:43,  1.34it/s]
train:  50%|#####     | 58/115 [00:55<00:42,  1.34it/s]
train:  51%|#####1    | 59/115 [00:56<00:41,  1.34it/s]
train:  52%|#####2    | 60/115 [00:57<00:40,  1.34it/s]
train:  53%|#####3    | 61/115 [00:57<00:40,  1.35it/s]
train:  54%|#####3    | 62/115 [00:58<00:39,  1.35it/s]
train:  55%|#####4    | 63/115 [00:59<00:38,  1.35it/s]
train:  56%|#####5    | 64/115 [01:00<00:37,  1.35it/s]
train:  57%|#####6    | 65/115 [01:00<00:37,  1.35it/s]
train:  57%|#####7    | 66/115 [01:01<00:36,  1.35it/s]
train:  58%|#####8    | 67/115 [01:02<00:35,  1.35it/s]
train:  59%|#####9    | 68/115 [01:03<00:34,  1.35it/s]
train:  60%|######    | 69/115 [01:03<00:34,  1.34it/s]
train:  61%|######    | 70/115 [01:04<00:33,  1.35it/s]
train:  62%|######1   | 71/115 [01:05<00:32,  1.34it/s]
train:  63%|######2   | 72/115 [01:06<00:32,  1.34it/s]
train:  63%|######3   | 73/115 [01:06<00:31,  1.34it/s]
train:  64%|######4   | 74/115 [01:07<00:30,  1.34it/s]
train:  65%|######5   | 75/115 [01:08<00:29,  1.35it/s]
train:  66%|######6   | 76/115 [01:09<00:29,  1.34it/s]
train:  67%|######6   | 77/115 [01:09<00:28,  1.34it/s]
train:  68%|######7   | 78/115 [01:10<00:27,  1.34it/s]
train:  69%|######8   | 79/115 [01:11<00:26,  1.34it/s]
train:  70%|######9   | 80/115 [01:12<00:26,  1.34it/s]
train:  70%|#######   | 81/115 [01:12<00:25,  1.35it/s]
train:  71%|#######1  | 82/115 [01:13<00:24,  1.34it/s]
train:  72%|#######2  | 83/115 [01:14<00:23,  1.34it/s]
train:  73%|#######3  | 84/115 [01:15<00:23,  1.35it/s]
train:  74%|#######3  | 85/115 [01:15<00:22,  1.35it/s]
train:  75%|#######4  | 86/115 [01:16<00:21,  1.34it/s]
train:  76%|#######5  | 87/115 [01:17<00:20,  1.34it/s]
train:  77%|#######6  | 88/115 [01:18<00:20,  1.34it/s]
train:  77%|#######7  | 89/115 [01:18<00:19,  1.34it/s]
train:  78%|#######8  | 90/115 [01:19<00:18,  1.34it/s]
train:  79%|#######9  | 91/115 [01:20<00:17,  1.34it/s]
train:  80%|########  | 92/115 [01:20<00:17,  1.34it/s]
train:  81%|########  | 93/115 [01:21<00:16,  1.34it/s]
train:  82%|########1 | 94/115 [01:22<00:15,  1.34it/s]
train:  83%|########2 | 95/115 [01:23<00:14,  1.35it/s]
train:  83%|########3 | 96/115 [01:23<00:14,  1.35it/s]
train:  84%|########4 | 97/115 [01:24<00:13,  1.35it/s]
train:  85%|########5 | 98/115 [01:25<00:12,  1.35it/s]
train:  86%|########6 | 99/115 [01:26<00:11,  1.35it/s]
train:  87%|########6 | 100/115 [01:26<00:11,  1.35it/s]
train:  88%|########7 | 101/115 [01:27<00:10,  1.35it/s]
train:  89%|########8 | 102/115 [01:28<00:09,  1.35it/s]
train:  90%|########9 | 103/115 [01:29<00:08,  1.35it/s]
train:  90%|######### | 104/115 [01:29<00:08,  1.35it/s]
train:  91%|#########1| 105/115 [01:30<00:07,  1.34it/s]
train:  92%|#########2| 106/115 [01:31<00:06,  1.35it/s]
train:  93%|#########3| 107/115 [01:32<00:05,  1.34it/s]
train:  94%|#########3| 108/115 [01:32<00:05,  1.35it/s]
train:  95%|#########4| 109/115 [01:33<00:04,  1.34it/s]
train:  96%|#########5| 110/115 [01:34<00:03,  1.34it/s]
train:  97%|#########6| 111/115 [01:35<00:02,  1.35it/s]
train:  97%|#########7| 112/115 [01:35<00:02,  1.34it/s]
train:  98%|#########8| 113/115 [01:36<00:01,  1.34it/s]
train:  99%|#########9| 114/115 [01:37<00:00,  1.34it/s]
train: 100%|##########| 115/115 [01:37<00:00,  1.68it/s]
                                                        

eval:   0%|          | 0/10 [00:00<?, ?it/s]
eval:  10%|#         | 1/10 [00:12<01:52, 12.56s/it]
eval:  30%|###       | 3/10 [00:12<00:23,  3.32s/it]
eval:  50%|#####     | 5/10 [00:12<00:08,  1.66s/it]
eval:  70%|#######   | 7/10 [00:13<00:02,  1.00it/s]
eval:  90%|######### | 9/10 [00:13<00:00,  1.52it/s]
epoch=4 train_loss=0.2197 val_auroc=0.9065 train_s=98.3 val_s=14.1
                                                    

train:   0%|          | 0/115 [00:00<?, ?it/s]
train:   1%|          | 1/115 [00:13<25:19, 13.33s/it]
train:   2%|1         | 2/115 [00:14<11:09,  5.93s/it]
train:   3%|2         | 3/115 [00:14<06:38,  3.56s/it]
train:   3%|3         | 4/115 [00:15<04:31,  2.45s/it]
train:   4%|4         | 5/115 [00:16<03:21,  1.83s/it]
train:   5%|5         | 6/115 [00:17<02:39,  1.46s/it]
train:   6%|6         | 7/115 [00:17<02:12,  1.23s/it]
train:   7%|6         | 8/115 [00:18<01:54,  1.07s/it]
train:   8%|7         | 9/115 [00:19<01:43,  1.03it/s]
train:   9%|8         | 10/115 [00:20<01:34,  1.11it/s]
train:  10%|9         | 11/115 [00:20<01:28,  1.17it/s]
train:  10%|#         | 12/115 [00:21<01:24,  1.22it/s]
train:  11%|#1        | 13/115 [00:22<01:21,  1.26it/s]
train:  12%|#2        | 14/115 [00:22<01:18,  1.28it/s]
train:  13%|#3        | 15/115 [00:23<01:16,  1.30it/s]
train:  14%|#3        | 16/115 [00:24<01:15,  1.32it/s]
train:  15%|#4        | 17/115 [00:25<01:13,  1.32it/s]
train:  16%|#5        | 18/115 [00:25<01:12,  1.33it/s]
train:  17%|#6        | 19/115 [00:26<01:11,  1.34it/s]
train:  17%|#7        | 20/115 [00:27<01:11,  1.34it/s]
train:  18%|#8        | 21/115 [00:28<01:10,  1.34it/s]
train:  19%|#9        | 22/115 [00:28<01:09,  1.34it/s]
train:  20%|##        | 23/115 [00:29<01:08,  1.34it/s]
train:  21%|##        | 24/115 [00:30<01:07,  1.34it/s]
train:  22%|##1       | 25/115 [00:31<01:06,  1.34it/s]
train:  23%|##2       | 26/115 [00:31<01:06,  1.34it/s]
train:  23%|##3       | 27/115 [00:32<01:05,  1.34it/s]
train:  24%|##4       | 28/115 [00:33<01:04,  1.34it/s]
train:  25%|##5       | 29/115 [00:34<01:03,  1.35it/s]
train:  26%|##6       | 30/115 [00:34<01:03,  1.35it/s]
train:  27%|##6       | 31/115 [00:35<01:02,  1.34it/s]
train:  28%|##7       | 32/115 [00:36<01:01,  1.35it/s]
train:  29%|##8       | 33/115 [00:37<01:00,  1.35it/s]
train:  30%|##9       | 34/115 [00:37<01:00,  1.35it/s]
train:  30%|###       | 35/115 [00:38<00:59,  1.34it/s]
train:  31%|###1      | 36/115 [00:39<00:58,  1.34it/s]
train:  32%|###2      | 37/115 [00:40<00:57,  1.35it/s]
train:  33%|###3      | 38/115 [00:40<00:57,  1.34it/s]
train:  34%|###3      | 39/115 [00:41<00:56,  1.34it/s]
train:  35%|###4      | 40/115 [00:42<00:55,  1.34it/s]
train:  36%|###5      | 41/115 [00:43<00:55,  1.34it/s]
train:  37%|###6      | 42/115 [00:43<00:54,  1.34it/s]
train:  37%|###7      | 43/115 [00:44<00:53,  1.34it/s]
train:  38%|###8      | 44/115 [00:45<00:52,  1.34it/s]
train:  39%|###9      | 45/115 [00:46<00:52,  1.34it/s]
train:  40%|####      | 46/115 [00:46<00:51,  1.34it/s]
train:  41%|####      | 47/115 [00:47<00:50,  1.35it/s]
train:  42%|####1     | 48/115 [00:48<00:49,  1.34it/s]
train:  43%|####2     | 49/115 [00:49<00:49,  1.34it/s]
train:  43%|####3     | 50/115 [00:49<00:48,  1.34it/s]
train:  44%|####4     | 51/115 [00:50<00:47,  1.34it/s]
train:  45%|####5     | 52/115 [00:51<00:46,  1.34it/s]
train:  46%|####6     | 53/115 [00:51<00:46,  1.35it/s]
train:  47%|####6     | 54/115 [00:52<00:45,  1.34it/s]
train:  48%|####7     | 55/115 [00:53<00:44,  1.34it/s]
train:  49%|####8     | 56/115 [00:54<00:44,  1.34it/s]
train:  50%|####9     | 57/115 [00:54<00:43,  1.34it/s]
train:  50%|#####     | 58/115 [00:55<00:42,  1.34it/s]
train:  51%|#####1    | 59/115 [00:56<00:41,  1.34it/s]
train:  52%|#####2    | 60/115 [00:57<00:41,  1.34it/s]
train:  53%|#####3    | 61/115 [00:57<00:40,  1.34it/s]
train:  54%|#####3    | 62/115 [00:58<00:39,  1.34it/s]
train:  55%|#####4    | 63/115 [00:59<00:38,  1.34it/s]
train:  56%|#####5    | 64/115 [01:00<00:38,  1.34it/s]
train:  57%|#####6    | 65/115 [01:00<00:37,  1.34it/s]
train:  57%|#####7    | 66/115 [01:01<00:36,  1.34it/s]
train:  58%|#####8    | 67/115 [01:02<00:35,  1.34it/s]
train:  59%|#####9    | 68/115 [01:03<00:33,  1.39it/s]
train:  60%|######    | 69/115 [01:03<00:33,  1.38it/s]
train:  61%|######    | 70/115 [01:04<00:32,  1.37it/s]
train:  62%|######1   | 71/115 [01:05<00:32,  1.36it/s]
train:  63%|######2   | 72/115 [01:06<00:31,  1.36it/s]
train:  63%|######3   | 73/115 [01:06<00:31,  1.35it/s]
train:  64%|######4   | 74/115 [01:07<00:30,  1.35it/s]
train:  65%|######5   | 75/115 [01:08<00:29,  1.35it/s]
train:  66%|######6   | 76/115 [01:09<00:28,  1.35it/s]
train:  67%|######6   | 77/115 [01:09<00:28,  1.35it/s]
train:  68%|######7   | 78/115 [01:10<00:27,  1.35it/s]
train:  69%|######8   | 79/115 [01:11<00:26,  1.35it/s]
train:  70%|######9   | 80/115 [01:12<00:26,  1.35it/s]
train:  70%|#######   | 81/115 [01:12<00:25,  1.34it/s]
train:  71%|#######1  | 82/115 [01:13<00:24,  1.34it/s]
train:  72%|#######2  | 83/115 [01:14<00:23,  1.34it/s]
train:  73%|#######3  | 84/115 [01:14<00:23,  1.34it/s]
train:  74%|#######3  | 85/115 [01:15<00:22,  1.34it/s]
train:  75%|#######4  | 86/115 [01:16<00:21,  1.34it/s]
train:  76%|#######5  | 87/115 [01:17<00:20,  1.34it/s]
train:  77%|#######6  | 88/115 [01:17<00:20,  1.34it/s]
train:  77%|#######7  | 89/115 [01:18<00:19,  1.34it/s]
train:  78%|#######8  | 90/115 [01:19<00:18,  1.34it/s]
train:  79%|#######9  | 91/115 [01:20<00:17,  1.34it/s]
train:  80%|########  | 92/115 [01:20<00:17,  1.34it/s]
train:  81%|########  | 93/115 [01:21<00:16,  1.34it/s]
train:  82%|########1 | 94/115 [01:22<00:15,  1.34it/s]
train:  83%|########2 | 95/115 [01:23<00:14,  1.34it/s]
train:  83%|########3 | 96/115 [01:23<00:14,  1.34it/s]
train:  84%|########4 | 97/115 [01:24<00:13,  1.34it/s]
train:  85%|########5 | 98/115 [01:25<00:12,  1.34it/s]
train:  86%|########6 | 99/115 [01:26<00:11,  1.34it/s]
train:  87%|########6 | 100/115 [01:26<00:11,  1.34it/s]
train:  88%|########7 | 101/115 [01:27<00:10,  1.34it/s]
train:  89%|########8 | 102/115 [01:28<00:09,  1.34it/s]
train:  90%|########9 | 103/115 [01:29<00:08,  1.34it/s]
train:  90%|######### | 104/115 [01:29<00:08,  1.34it/s]
train:  91%|#########1| 105/115 [01:30<00:07,  1.34it/s]
train:  92%|#########2| 106/115 [01:31<00:06,  1.34it/s]
train:  93%|#########3| 107/115 [01:32<00:05,  1.34it/s]
train:  94%|#########3| 108/115 [01:32<00:05,  1.34it/s]
train:  95%|#########4| 109/115 [01:33<00:04,  1.34it/s]
train:  96%|#########5| 110/115 [01:34<00:03,  1.34it/s]
train:  97%|#########6| 111/115 [01:35<00:02,  1.35it/s]
train:  97%|#########7| 112/115 [01:35<00:02,  1.34it/s]
train:  98%|#########8| 113/115 [01:36<00:01,  1.34it/s]
train:  99%|#########9| 114/115 [01:37<00:00,  1.34it/s]
train: 100%|##########| 115/115 [01:37<00:00,  1.67it/s]
                                                        

eval:   0%|          | 0/10 [00:00<?, ?it/s]
eval:  10%|#         | 1/10 [00:12<01:53, 12.61s/it]
eval:  30%|###       | 3/10 [00:12<00:23,  3.34s/it]
eval:  50%|#####     | 5/10 [00:12<00:08,  1.67s/it]
eval:  70%|#######   | 7/10 [00:13<00:03,  1.00s/it]
eval:  90%|######### | 9/10 [00:13<00:00,  1.52it/s]
epoch=5 train_loss=0.1575 val_auroc=0.9237 train_s=98.3 val_s=14.1
                                                    

train:   0%|          | 0/115 [00:00<?, ?it/s]
train:   1%|          | 1/115 [00:13<26:03, 13.72s/it]
train:   2%|1         | 2/115 [00:14<11:27,  6.09s/it]
train:   3%|2         | 3/115 [00:15<06:48,  3.64s/it]
train:   3%|3         | 4/115 [00:15<04:37,  2.50s/it]
train:   4%|4         | 5/115 [00:16<03:25,  1.86s/it]
train:   5%|5         | 6/115 [00:17<02:41,  1.48s/it]
train:   6%|6         | 7/115 [00:18<02:14,  1.24s/it]
train:   7%|6         | 8/115 [00:18<01:55,  1.08s/it]
train:   8%|7         | 9/115 [00:19<01:43,  1.03it/s]
train:   9%|8         | 10/115 [00:20<01:34,  1.11it/s]
train:  10%|9         | 11/115 [00:21<01:28,  1.17it/s]
train:  10%|#         | 12/115 [00:21<01:24,  1.22it/s]
train:  11%|#1        | 13/115 [00:22<01:21,  1.26it/s]
train:  12%|#2        | 14/115 [00:23<01:18,  1.28it/s]
train:  13%|#3        | 15/115 [00:24<01:16,  1.30it/s]
train:  14%|#3        | 16/115 [00:24<01:15,  1.31it/s]
train:  15%|#4        | 17/115 [00:25<01:14,  1.32it/s]
train:  16%|#5        | 18/115 [00:26<01:13,  1.33it/s]
train:  17%|#6        | 19/115 [00:27<01:12,  1.33it/s]
train:  17%|#7        | 20/115 [00:27<01:11,  1.34it/s]
train:  18%|#8        | 21/115 [00:28<01:10,  1.34it/s]
train:  19%|#9        | 22/115 [00:29<01:09,  1.34it/s]
train:  20%|##        | 23/115 [00:30<01:08,  1.34it/s]
train:  21%|##        | 24/115 [00:30<01:07,  1.34it/s]
train:  22%|##1       | 25/115 [00:31<01:06,  1.34it/s]
train:  23%|##2       | 26/115 [00:32<01:06,  1.34it/s]
train:  23%|##3       | 27/115 [00:33<01:05,  1.34it/s]
train:  24%|##4       | 28/115 [00:33<01:04,  1.34it/s]
train:  25%|##5       | 29/115 [00:34<01:04,  1.34it/s]
train:  26%|##6       | 30/115 [00:35<01:03,  1.34it/s]
train:  27%|##6       | 31/115 [00:36<01:02,  1.35it/s]
train:  28%|##7       | 32/115 [00:36<01:01,  1.35it/s]
train:  29%|##8       | 33/115 [00:37<01:01,  1.34it/s]
train:  30%|##9       | 34/115 [00:38<01:00,  1.34it/s]
train:  30%|###       | 35/115 [00:38<00:59,  1.34it/s]
train:  31%|###1      | 36/115 [00:39<00:58,  1.34it/s]
train:  32%|###2      | 37/115 [00:40<00:58,  1.34it/s]
train:  33%|###3      | 38/115 [00:41<00:57,  1.35it/s]
train:  34%|###3      | 39/115 [00:41<00:56,  1.34it/s]
train:  35%|###4      | 40/115 [00:42<00:55,  1.34it/s]
train:  36%|###5      | 41/115 [00:43<00:54,  1.35it/s]
train:  37%|###6      | 42/115 [00:44<00:54,  1.34it/s]
train:  37%|###7      | 43/115 [00:44<00:53,  1.35it/s]
train:  38%|###8      | 44/115 [00:45<00:52,  1.34it/s]
train:  39%|###9      | 45/115 [00:46<00:52,  1.34it/s]
train:  40%|####      | 46/115 [00:47<00:51,  1.34it/s]
train:  41%|####      | 47/115 [00:47<00:50,  1.35it/s]
train:  42%|####1     | 48/115 [00:48<00:49,  1.34it/s]
train:  43%|####2     | 49/115 [00:49<00:49,  1.34it/s]
train:  43%|####3     | 50/115 [00:50<00:48,  1.34it/s]
train:  44%|####4     | 51/115 [00:50<00:47,  1.34it/s]
train:  45%|####5     | 52/115 [00:51<00:46,  1.34it/s]
train:  46%|####6     | 53/115 [00:52<00:46,  1.34it/s]
train:  47%|####6     | 54/115 [00:53<00:45,  1.34it/s]
train:  48%|####7     | 55/115 [00:53<00:44,  1.34it/s]
train:  49%|####8     | 56/115 [00:54<00:43,  1.34it/s]
train:  50%|####9     | 57/115 [00:55<00:43,  1.35it/s]
train:  50%|#####     | 58/115 [00:56<00:42,  1.34it/s]
train:  51%|#####1    | 59/115 [00:56<00:41,  1.34it/s]
train:  52%|#####2    | 60/115 [00:57<00:40,  1.35it/s]
train:  53%|#####3    | 61/115 [00:58<00:40,  1.34it/s]
train:  54%|#####3    | 62/115 [00:59<00:39,  1.34it/s]
train:  55%|#####4    | 63/115 [00:59<00:38,  1.35it/s]
train:  56%|#####5    | 64/115 [01:00<00:37,  1.35it/s]
train:  57%|#####6    | 65/115 [01:01<00:37,  1.34it/s]
train:  57%|#####7    | 66/115 [01:02<00:36,  1.34it/s]
train:  58%|#####8    | 67/115 [01:02<00:35,  1.34it/s]
train:  59%|#####9    | 68/115 [01:03<00:35,  1.34it/s]
train:  60%|######    | 69/115 [01:04<00:34,  1.34it/s]
train:  61%|######    | 70/115 [01:05<00:33,  1.35it/s]
train:  62%|######1   | 71/115 [01:05<00:32,  1.35it/s]
train:  63%|######2   | 72/115 [01:06<00:32,  1.34it/s]
train:  63%|######3   | 73/115 [01:07<00:31,  1.34it/s]
train:  64%|######4   | 74/115 [01:08<00:30,  1.34it/s]
train:  65%|######5   | 75/115 [01:08<00:29,  1.34it/s]
train:  66%|######6   | 76/115 [01:09<00:29,  1.34it/s]
train:  67%|######6   | 77/115 [01:10<00:28,  1.34it/s]
train:  68%|######7   | 78/115 [01:10<00:27,  1.34it/s]
train:  69%|######8   | 79/115 [01:11<00:26,  1.35it/s]
train:  70%|######9   | 80/115 [01:12<00:26,  1.34it/s]
train:  70%|#######   | 81/115 [01:13<00:25,  1.34it/s]
train:  71%|#######1  | 82/115 [01:13<00:24,  1.34it/s]
train:  72%|#######2  | 83/115 [01:14<00:23,  1.34it/s]
train:  73%|#######3  | 84/115 [01:15<00:23,  1.35it/s]
train:  74%|#######3  | 85/115 [01:16<00:22,  1.35it/s]
train:  75%|#######4  | 86/115 [01:16<00:21,  1.34it/s]
train:  76%|#######5  | 87/115 [01:17<00:20,  1.35it/s]
train:  77%|#######6  | 88/115 [01:18<00:20,  1.34it/s]
train:  77%|#######7  | 89/115 [01:19<00:19,  1.34it/s]
train:  78%|#######8  | 90/115 [01:19<00:18,  1.34it/s]
train:  79%|#######9  | 91/115 [01:20<00:17,  1.34it/s]
train:  80%|########  | 92/115 [01:21<00:17,  1.34it/s]
train:  81%|########  | 93/115 [01:22<00:16,  1.34it/s]
train:  82%|########1 | 94/115 [01:22<00:15,  1.34it/s]
train:  83%|########2 | 95/115 [01:23<00:14,  1.34it/s]
train:  83%|########3 | 96/115 [01:24<00:14,  1.34it/s]
train:  84%|########4 | 97/115 [01:25<00:13,  1.34it/s]
train:  85%|########5 | 98/115 [01:25<00:12,  1.34it/s]
train:  86%|########6 | 99/115 [01:26<00:11,  1.34it/s]
train:  87%|########6 | 100/115 [01:27<00:11,  1.34it/s]
train:  88%|########7 | 101/115 [01:28<00:10,  1.34it/s]
train:  89%|########8 | 102/115 [01:28<00:09,  1.34it/s]
train:  90%|########9 | 103/115 [01:29<00:08,  1.34it/s]
train:  90%|######### | 104/115 [01:30<00:08,  1.34it/s]
train:  91%|#########1| 105/115 [01:31<00:07,  1.34it/s]
train:  92%|#########2| 106/115 [01:31<00:06,  1.34it/s]
train:  93%|#########3| 107/115 [01:32<00:05,  1.35it/s]
train:  94%|#########3| 108/115 [01:33<00:05,  1.35it/s]
train:  95%|#########4| 109/115 [01:34<00:04,  1.34it/s]
train:  96%|#########5| 110/115 [01:34<00:03,  1.34it/s]
train:  97%|#########6| 111/115 [01:35<00:02,  1.34it/s]
train:  97%|#########7| 112/115 [01:36<00:02,  1.34it/s]
train:  98%|#########8| 113/115 [01:37<00:01,  1.34it/s]
train:  99%|#########9| 114/115 [01:37<00:00,  1.34it/s]
train: 100%|##########| 115/115 [01:38<00:00,  1.68it/s]
                                                        

eval:   0%|          | 0/10 [00:00<?, ?it/s]
eval:  10%|#         | 1/10 [00:12<01:54, 12.71s/it]
eval:  30%|###       | 3/10 [00:12<00:23,  3.37s/it]
eval:  50%|#####     | 5/10 [00:13<00:08,  1.68s/it]
eval:  70%|#######   | 7/10 [00:13<00:03,  1.01s/it]
eval:  90%|######### | 9/10 [00:13<00:00,  1.51it/s]
epoch=6 train_loss=0.1444 val_auroc=0.9196 train_s=98.7 val_s=14.2
                                                    

train:   0%|          | 0/115 [00:00<?, ?it/s]
train:   1%|          | 1/115 [00:13<25:17, 13.31s/it]
train:   2%|1         | 2/115 [00:14<11:08,  5.92s/it]
train:   3%|2         | 3/115 [00:14<06:38,  3.56s/it]
train:   3%|3         | 4/115 [00:15<04:31,  2.45s/it]
train:   4%|4         | 5/115 [00:16<03:21,  1.83s/it]
train:   5%|5         | 6/115 [00:17<02:39,  1.46s/it]
train:   6%|6         | 7/115 [00:17<02:12,  1.23s/it]
train:   7%|6         | 8/115 [00:18<01:54,  1.07s/it]
train:   8%|7         | 9/115 [00:19<01:42,  1.03it/s]
train:   9%|8         | 10/115 [00:20<01:34,  1.11it/s]
train:  10%|9         | 11/115 [00:20<01:28,  1.17it/s]
train:  10%|#         | 12/115 [00:21<01:24,  1.22it/s]
train:  11%|#1        | 13/115 [00:22<01:21,  1.26it/s]
train:  12%|#2        | 14/115 [00:22<01:18,  1.28it/s]
train:  13%|#3        | 15/115 [00:23<01:16,  1.30it/s]
train:  14%|#3        | 16/115 [00:24<01:15,  1.31it/s]
train:  15%|#4        | 17/115 [00:25<01:14,  1.32it/s]
train:  16%|#5        | 18/115 [00:25<01:12,  1.33it/s]
train:  17%|#6        | 19/115 [00:26<01:11,  1.34it/s]
train:  17%|#7        | 20/115 [00:27<01:10,  1.34it/s]
train:  18%|#8        | 21/115 [00:28<01:10,  1.34it/s]
train:  19%|#9        | 22/115 [00:28<01:09,  1.34it/s]
train:  20%|##        | 23/115 [00:29<01:08,  1.34it/s]
train:  21%|##        | 24/115 [00:30<01:07,  1.34it/s]
train:  22%|##1       | 25/115 [00:31<01:06,  1.34it/s]
train:  23%|##2       | 26/115 [00:31<01:06,  1.34it/s]
train:  23%|##3       | 27/115 [00:32<01:05,  1.34it/s]
train:  24%|##4       | 28/115 [00:33<01:04,  1.35it/s]
train:  25%|##5       | 29/115 [00:34<01:03,  1.35it/s]
train:  26%|##6       | 30/115 [00:34<01:03,  1.35it/s]
train:  27%|##6       | 31/115 [00:35<01:02,  1.35it/s]
train:  28%|##7       | 32/115 [00:36<01:01,  1.34it/s]
train:  29%|##8       | 33/115 [00:37<01:01,  1.34it/s]
train:  30%|##9       | 34/115 [00:37<01:00,  1.34it/s]
train:  30%|###       | 35/115 [00:38<00:59,  1.34it/s]
train:  31%|###1      | 36/115 [00:39<00:58,  1.34it/s]
train:  32%|###2      | 37/115 [00:40<00:58,  1.34it/s]
train:  33%|###3      | 38/115 [00:40<00:57,  1.34it/s]
train:  34%|###3      | 39/115 [00:41<00:56,  1.34it/s]
train:  35%|###4      | 40/115 [00:42<00:55,  1.34it/s]
train:  36%|###5      | 41/115 [00:43<00:55,  1.34it/s]
train:  37%|###6      | 42/115 [00:43<00:54,  1.34it/s]
train:  37%|###7      | 43/115 [00:44<00:53,  1.34it/s]
train:  38%|###8      | 44/115 [00:45<00:52,  1.34it/s]
train:  39%|###9      | 45/115 [00:46<00:52,  1.35it/s]
train:  40%|####      | 46/115 [00:46<00:51,  1.34it/s]
train:  41%|####      | 47/115 [00:47<00:50,  1.34it/s]
train:  42%|####1     | 48/115 [00:48<00:49,  1.34it/s]
train:  43%|####2     | 49/115 [00:49<00:49,  1.34it/s]
train:  43%|####3     | 50/115 [00:49<00:48,  1.34it/s]
train:  44%|####4     | 51/115 [00:50<00:47,  1.34it/s]
train:  45%|####5     | 52/115 [00:51<00:46,  1.34it/s]
train:  46%|####6     | 53/115 [00:51<00:46,  1.34it/s]
train:  47%|####6     | 54/115 [00:52<00:45,  1.34it/s]
train:  48%|####7     | 55/115 [00:53<00:44,  1.34it/s]
train:  49%|####8     | 56/115 [00:54<00:43,  1.34it/s]
train:  50%|####9     | 57/115 [00:54<00:43,  1.34it/s]
train:  50%|#####     | 58/115 [00:55<00:42,  1.34it/s]
train:  51%|#####1    | 59/115 [00:56<00:41,  1.34it/s]
train:  52%|#####2    | 60/115 [00:57<00:40,  1.34it/s]
train:  53%|#####3    | 61/115 [00:57<00:40,  1.34it/s]
train:  54%|#####3    | 62/115 [00:58<00:39,  1.34it/s]
train:  55%|#####4    | 63/115 [00:59<00:38,  1.35it/s]
train:  56%|#####5    | 64/115 [01:00<00:37,  1.35it/s]
train:  57%|#####6    | 65/115 [01:00<00:37,  1.35it/s]
train:  57%|#####7    | 66/115 [01:01<00:36,  1.35it/s]
train:  58%|#####8    | 67/115 [01:02<00:35,  1.35it/s]
train:  59%|#####9    | 68/115 [01:03<00:34,  1.35it/s]
train:  60%|######    | 69/115 [01:03<00:34,  1.34it/s]
train:  61%|######    | 70/115 [01:04<00:33,  1.34it/s]
train:  62%|######1   | 71/115 [01:05<00:32,  1.34it/s]
train:  63%|######2   | 72/115 [01:06<00:31,  1.34it/s]
train:  63%|######3   | 73/115 [01:06<00:31,  1.34it/s]
train:  64%|######4   | 74/115 [01:07<00:30,  1.34it/s]
train:  65%|######5   | 75/115 [01:08<00:29,  1.35it/s]
train:  66%|######6   | 76/115 [01:09<00:28,  1.34it/s]
train:  67%|######6   | 77/115 [01:09<00:28,  1.34it/s]
train:  68%|######7   | 78/115 [01:10<00:27,  1.34it/s]
train:  69%|######8   | 79/115 [01:11<00:26,  1.34it/s]
train:  70%|######9   | 80/115 [01:12<00:26,  1.34it/s]
train:  70%|#######   | 81/115 [01:12<00:25,  1.34it/s]
train:  71%|#######1  | 82/115 [01:13<00:24,  1.34it/s]
train:  72%|#######2  | 83/115 [01:14<00:23,  1.34it/s]
train:  73%|#######3  | 84/115 [01:15<00:23,  1.35it/s]
train:  74%|#######3  | 85/115 [01:15<00:22,  1.34it/s]
train:  75%|#######4  | 86/115 [01:16<00:21,  1.34it/s]
train:  76%|#######5  | 87/115 [01:17<00:20,  1.34it/s]
train:  77%|#######6  | 88/115 [01:18<00:20,  1.34it/s]
train:  77%|#######7  | 89/115 [01:18<00:19,  1.34it/s]
train:  78%|#######8  | 90/115 [01:19<00:18,  1.34it/s]
train:  79%|#######9  | 91/115 [01:20<00:17,  1.34it/s]
train:  80%|########  | 92/115 [01:21<00:17,  1.34it/s]
train:  81%|########  | 93/115 [01:21<00:16,  1.35it/s]
train:  82%|########1 | 94/115 [01:22<00:15,  1.35it/s]
train:  83%|########2 | 95/115 [01:23<00:14,  1.35it/s]
train:  83%|########3 | 96/115 [01:23<00:14,  1.35it/s]
train:  84%|########4 | 97/115 [01:24<00:13,  1.35it/s]
train:  85%|########5 | 98/115 [01:25<00:12,  1.34it/s]
train:  86%|########6 | 99/115 [01:26<00:11,  1.34it/s]
train:  87%|########6 | 100/115 [01:26<00:11,  1.34it/s]
train:  88%|########7 | 101/115 [01:27<00:10,  1.34it/s]
train:  89%|########8 | 102/115 [01:28<00:09,  1.34it/s]
train:  90%|########9 | 103/115 [01:29<00:08,  1.35it/s]
train:  90%|######### | 104/115 [01:29<00:08,  1.34it/s]
train:  91%|#########1| 105/115 [01:30<00:07,  1.34it/s]
train:  92%|#########2| 106/115 [01:31<00:06,  1.35it/s]
train:  93%|#########3| 107/115 [01:32<00:05,  1.35it/s]
train:  94%|#########3| 108/115 [01:32<00:05,  1.35it/s]
train:  95%|#########4| 109/115 [01:33<00:04,  1.34it/s]
train:  96%|#########5| 110/115 [01:34<00:03,  1.34it/s]
train:  97%|#########6| 111/115 [01:35<00:02,  1.34it/s]
train:  97%|#########7| 112/115 [01:35<00:02,  1.35it/s]
train:  98%|#########8| 113/115 [01:36<00:01,  1.35it/s]
train:  99%|#########9| 114/115 [01:37<00:00,  1.35it/s]
train: 100%|##########| 115/115 [01:37<00:00,  1.68it/s]
                                                        

eval:   0%|          | 0/10 [00:00<?, ?it/s]
eval:  10%|#         | 1/10 [00:12<01:54, 12.73s/it]
eval:  30%|###       | 3/10 [00:12<00:23,  3.37s/it]
eval:  50%|#####     | 5/10 [00:13<00:08,  1.68s/it]
eval:  70%|#######   | 7/10 [00:13<00:03,  1.01s/it]
eval:  90%|######### | 9/10 [00:13<00:00,  1.50it/s]
epoch=7 train_loss=0.1059 val_auroc=0.9237 train_s=98.3 val_s=14.3
                                                    

train:   0%|          | 0/115 [00:00<?, ?it/s]
train:   1%|          | 1/115 [00:13<25:28, 13.41s/it]
train:   2%|1         | 2/115 [00:14<11:13,  5.96s/it]
train:   3%|2         | 3/115 [00:14<06:40,  3.58s/it]
train:   3%|3         | 4/115 [00:15<04:33,  2.46s/it]
train:   4%|4         | 5/115 [00:16<03:22,  1.84s/it]
train:   5%|5         | 6/115 [00:17<02:39,  1.47s/it]
train:   6%|6         | 7/115 [00:17<02:12,  1.23s/it]
train:   7%|6         | 8/115 [00:18<01:55,  1.07s/it]
train:   8%|7         | 9/115 [00:19<01:43,  1.03it/s]
train:   9%|8         | 10/115 [00:20<01:34,  1.11it/s]
train:  10%|9         | 11/115 [00:20<01:28,  1.17it/s]
train:  10%|#         | 12/115 [00:21<01:24,  1.22it/s]
train:  11%|#1        | 13/115 [00:22<01:21,  1.26it/s]
train:  12%|#2        | 14/115 [00:23<01:18,  1.28it/s]
train:  13%|#3        | 15/115 [00:23<01:16,  1.30it/s]
train:  14%|#3        | 16/115 [00:24<01:15,  1.31it/s]
train:  15%|#4        | 17/115 [00:25<01:14,  1.32it/s]
train:  16%|#5        | 18/115 [00:26<01:12,  1.33it/s]
train:  17%|#6        | 19/115 [00:26<01:11,  1.33it/s]
train:  17%|#7        | 20/115 [00:27<01:11,  1.34it/s]
train:  18%|#8        | 21/115 [00:28<01:10,  1.34it/s]
train:  19%|#9        | 22/115 [00:29<01:09,  1.34it/s]
train:  20%|##        | 23/115 [00:29<01:08,  1.34it/s]
train:  21%|##        | 24/115 [00:30<01:07,  1.34it/s]
train:  22%|##1       | 25/115 [00:31<01:06,  1.35it/s]
train:  23%|##2       | 26/115 [00:31<01:06,  1.34it/s]
train:  23%|##3       | 27/115 [00:32<01:05,  1.34it/s]
train:  24%|##4       | 28/115 [00:33<01:05,  1.34it/s]
train:  25%|##5       | 29/115 [00:34<01:04,  1.33it/s]
train:  26%|##6       | 30/115 [00:34<01:03,  1.34it/s]
train:  27%|##6       | 31/115 [00:35<01:02,  1.34it/s]
train:  28%|##7       | 32/115 [00:36<01:01,  1.34it/s]
train:  29%|##8       | 33/115 [00:37<01:01,  1.34it/s]
train:  30%|##9       | 34/115 [00:37<01:00,  1.34it/s]
train:  30%|###       | 35/115 [00:38<00:59,  1.34it/s]
train:  31%|###1      | 36/115 [00:39<00:58,  1.34it/s]
train:  32%|###2      | 37/115 [00:40<00:58,  1.34it/s]
train:  33%|###3      | 38/115 [00:40<00:57,  1.34it/s]
train:  34%|###3      | 39/115 [00:41<00:56,  1.34it/s]
train:  35%|###4      | 40/115 [00:42<00:55,  1.34it/s]
train:  36%|###5      | 41/115 [00:43<00:55,  1.34it/s]
train:  37%|###6      | 42/115 [00:43<00:54,  1.34it/s]
train:  37%|###7      | 43/115 [00:44<00:53,  1.34it/s]
train:  38%|###8      | 44/115 [00:45<00:52,  1.34it/s]
train:  39%|###9      | 45/115 [00:46<00:52,  1.34it/s]
train:  40%|####      | 46/115 [00:46<00:51,  1.35it/s]
train:  41%|####      | 47/115 [00:47<00:50,  1.34it/s]
train:  42%|####1     | 48/115 [00:48<00:49,  1.35it/s]
train:  43%|####2     | 49/115 [00:49<00:49,  1.35it/s]
train:  43%|####3     | 50/115 [00:49<00:48,  1.34it/s]
train:  44%|####4     | 51/115 [00:50<00:47,  1.34it/s]
train:  45%|####5     | 52/115 [00:51<00:46,  1.34it/s]
train:  46%|####6     | 53/115 [00:52<00:46,  1.34it/s]
train:  47%|####6     | 54/115 [00:52<00:45,  1.35it/s]
train:  48%|####7     | 55/115 [00:53<00:44,  1.35it/s]
train:  49%|####8     | 56/115 [00:54<00:43,  1.35it/s]
train:  50%|####9     | 57/115 [00:55<00:43,  1.34it/s]
train:  50%|#####     | 58/115 [00:55<00:42,  1.34it/s]
train:  51%|#####1    | 59/115 [00:56<00:41,  1.34it/s]
train:  52%|#####2    | 60/115 [00:57<00:40,  1.34it/s]
train:  53%|#####3    | 61/115 [00:58<00:40,  1.34it/s]
train:  54%|#####3    | 62/115 [00:58<00:39,  1.34it/s]
train:  55%|#####4    | 63/115 [00:59<00:38,  1.34it/s]
train:  56%|#####5    | 64/115 [01:00<00:37,  1.35it/s]
train:  57%|#####6    | 65/115 [01:01<00:37,  1.34it/s]
train:  57%|#####7    | 66/115 [01:01<00:36,  1.35it/s]
train:  58%|#####8    | 67/115 [01:02<00:35,  1.34it/s]
train:  59%|#####9    | 68/115 [01:03<00:34,  1.34it/s]
train:  60%|######    | 69/115 [01:04<00:34,  1.35it/s]
train:  61%|######    | 70/115 [01:04<00:33,  1.35it/s]
train:  62%|######1   | 71/115 [01:05<00:32,  1.34it/s]
train:  63%|######2   | 72/115 [01:06<00:32,  1.34it/s]
train:  63%|######3   | 73/115 [01:06<00:31,  1.34it/s]
train:  64%|######4   | 74/115 [01:07<00:30,  1.34it/s]
train:  65%|######5   | 75/115 [01:08<00:29,  1.34it/s]
train:  66%|######6   | 76/115 [01:09<00:29,  1.34it/s]
train:  67%|######6   | 77/115 [01:09<00:28,  1.34it/s]
train:  68%|######7   | 78/115 [01:10<00:27,  1.35it/s]
train:  69%|######8   | 79/115 [01:11<00:26,  1.34it/s]
train:  70%|######9   | 80/115 [01:12<00:26,  1.34it/s]
train:  70%|#######   | 81/115 [01:12<00:25,  1.34it/s]
train:  71%|#######1  | 82/115 [01:13<00:24,  1.34it/s]
train:  72%|#######2  | 83/115 [01:14<00:23,  1.34it/s]
train:  73%|#######3  | 84/115 [01:15<00:23,  1.35it/s]
train:  74%|#######3  | 85/115 [01:15<00:22,  1.34it/s]
train:  75%|#######4  | 86/115 [01:16<00:21,  1.34it/s]
train:  76%|#######5  | 87/115 [01:17<00:20,  1.34it/s]
train:  77%|#######6  | 88/115 [01:18<00:20,  1.34it/s]
train:  77%|#######7  | 89/115 [01:18<00:19,  1.34it/s]
train:  78%|#######8  | 90/115 [01:19<00:18,  1.34it/s]
train:  79%|#######9  | 91/115 [01:20<00:17,  1.34it/s]
train:  80%|########  | 92/115 [01:21<00:17,  1.34it/s]
train:  81%|########  | 93/115 [01:21<00:16,  1.34it/s]
train:  82%|########1 | 94/115 [01:22<00:15,  1.34it/s]
train:  83%|########2 | 95/115 [01:23<00:14,  1.35it/s]
train:  83%|########3 | 96/115 [01:24<00:14,  1.35it/s]
train:  84%|########4 | 97/115 [01:24<00:13,  1.34it/s]
train:  85%|########5 | 98/115 [01:25<00:12,  1.35it/s]
train:  86%|########6 | 99/115 [01:26<00:11,  1.35it/s]
train:  87%|########6 | 100/115 [01:27<00:11,  1.34it/s]
train:  88%|########7 | 101/115 [01:27<00:10,  1.34it/s]
train:  89%|########8 | 102/115 [01:28<00:09,  1.34it/s]
train:  90%|########9 | 103/115 [01:29<00:08,  1.34it/s]
train:  90%|######### | 104/115 [01:30<00:08,  1.34it/s]
train:  91%|#########1| 105/115 [01:30<00:07,  1.34it/s]
train:  92%|#########2| 106/115 [01:31<00:06,  1.34it/s]
train:  93%|#########3| 107/115 [01:32<00:05,  1.35it/s]
train:  94%|#########3| 108/115 [01:33<00:05,  1.35it/s]
train:  95%|#########4| 109/115 [01:33<00:04,  1.35it/s]
train:  96%|#########5| 110/115 [01:34<00:03,  1.35it/s]
train:  97%|#########6| 111/115 [01:35<00:02,  1.35it/s]
train:  97%|#########7| 112/115 [01:35<00:02,  1.35it/s]
train:  98%|#########8| 113/115 [01:36<00:01,  1.35it/s]
train:  99%|#########9| 114/115 [01:37<00:00,  1.34it/s]
train: 100%|##########| 115/115 [01:37<00:00,  1.68it/s]
                                                        

eval:   0%|          | 0/10 [00:00<?, ?it/s]
eval:  10%|#         | 1/10 [00:12<01:54, 12.72s/it]
eval:  30%|###       | 3/10 [00:12<00:23,  3.37s/it]
eval:  50%|#####     | 5/10 [00:13<00:08,  1.68s/it]
eval:  70%|#######   | 7/10 [00:13<00:03,  1.01s/it]
eval:  90%|######### | 9/10 [00:13<00:00,  1.50it/s]
epoch=8 train_loss=0.0744 val_auroc=0.9223 train_s=98.4 val_s=14.3
                                                    

train:   0%|          | 0/115 [00:00<?, ?it/s]
train:   1%|          | 1/115 [00:13<25:23, 13.36s/it]
train:   2%|1         | 2/115 [00:14<11:11,  5.94s/it]
train:   3%|2         | 3/115 [00:14<06:39,  3.56s/it]
train:   3%|3         | 4/115 [00:15<04:32,  2.45s/it]
train:   4%|4         | 5/115 [00:16<03:21,  1.84s/it]
train:   5%|5         | 6/115 [00:17<02:39,  1.46s/it]
train:   6%|6         | 7/115 [00:17<02:12,  1.23s/it]
train:   7%|6         | 8/115 [00:18<01:55,  1.08s/it]
train:   8%|7         | 9/115 [00:19<01:43,  1.03it/s]
train:   9%|8         | 10/115 [00:20<01:34,  1.11it/s]
train:  10%|9         | 11/115 [00:20<01:28,  1.17it/s]
train:  10%|#         | 12/115 [00:21<01:24,  1.22it/s]
train:  11%|#1        | 13/115 [00:22<01:21,  1.25it/s]
train:  12%|#2        | 14/115 [00:23<01:19,  1.28it/s]
train:  13%|#3        | 15/115 [00:23<01:17,  1.30it/s]
train:  14%|#3        | 16/115 [00:24<01:15,  1.31it/s]
train:  15%|#4        | 17/115 [00:25<01:14,  1.32it/s]
train:  16%|#5        | 18/115 [00:26<01:13,  1.33it/s]
train:  17%|#6        | 19/115 [00:26<01:12,  1.33it/s]
train:  17%|#7        | 20/115 [00:27<01:11,  1.33it/s]
train:  18%|#8        | 21/115 [00:28<01:10,  1.34it/s]
train:  19%|#9        | 22/115 [00:28<01:09,  1.34it/s]
train:  20%|##        | 23/115 [00:29<01:08,  1.34it/s]
train:  21%|##        | 24/115 [00:30<01:07,  1.34it/s]
train:  22%|##1       | 25/115 [00:31<01:07,  1.34it/s]
train:  23%|##2       | 26/115 [00:31<01:06,  1.34it/s]
train:  23%|##3       | 27/115 [00:32<01:05,  1.34it/s]
train:  24%|##4       | 28/115 [00:33<01:04,  1.34it/s]
train:  25%|##5       | 29/115 [00:34<01:03,  1.34it/s]
train:  26%|##6       | 30/115 [00:34<01:03,  1.34it/s]
train:  27%|##6       | 31/115 [00:35<01:02,  1.34it/s]
train:  28%|##7       | 32/115 [00:36<01:01,  1.34it/s]
train:  29%|##8       | 33/115 [00:37<01:01,  1.34it/s]
train:  30%|##9       | 34/115 [00:37<01:00,  1.34it/s]
train:  30%|###       | 35/115 [00:38<00:59,  1.34it/s]
train:  31%|###1      | 36/115 [00:39<00:58,  1.34it/s]
train:  32%|###2      | 37/115 [00:40<00:58,  1.34it/s]
train:  33%|###3      | 38/115 [00:40<00:57,  1.34it/s]
train:  34%|###3      | 39/115 [00:41<00:56,  1.34it/s]
train:  35%|###4      | 40/115 [00:42<00:55,  1.34it/s]
train:  36%|###5      | 41/115 [00:43<00:55,  1.34it/s]
train:  37%|###6      | 42/115 [00:43<00:54,  1.34it/s]
train:  37%|###7      | 43/115 [00:44<00:53,  1.34it/s]
train:  38%|###8      | 44/115 [00:45<00:52,  1.34it/s]
train:  39%|###9      | 45/115 [00:46<00:52,  1.34it/s]
train:  40%|####      | 46/115 [00:46<00:51,  1.34it/s]
train:  41%|####      | 47/115 [00:47<00:50,  1.34it/s]
train:  42%|####1     | 48/115 [00:48<00:49,  1.34it/s]
train:  43%|####2     | 49/115 [00:49<00:49,  1.34it/s]
train:  43%|####3     | 50/115 [00:49<00:48,  1.34it/s]
train:  44%|####4     | 51/115 [00:50<00:47,  1.34it/s]
train:  45%|####5     | 52/115 [00:51<00:46,  1.34it/s]
train:  46%|####6     | 53/115 [00:52<00:46,  1.34it/s]
train:  47%|####6     | 54/115 [00:52<00:45,  1.34it/s]
train:  48%|####7     | 55/115 [00:53<00:44,  1.34it/s]
train:  49%|####8     | 56/115 [00:54<00:43,  1.34it/s]
train:  50%|####9     | 57/115 [00:55<00:43,  1.34it/s]
train:  50%|#####     | 58/115 [00:55<00:42,  1.34it/s]
train:  51%|#####1    | 59/115 [00:56<00:41,  1.34it/s]
train:  52%|#####2    | 60/115 [00:57<00:41,  1.34it/s]
train:  53%|#####3    | 61/115 [00:58<00:40,  1.34it/s]
train:  54%|#####3    | 62/115 [00:58<00:39,  1.34it/s]
train:  55%|#####4    | 63/115 [00:59<00:38,  1.34it/s]
train:  56%|#####5    | 64/115 [01:00<00:37,  1.34it/s]
train:  57%|#####6    | 65/115 [01:01<00:37,  1.34it/s]
train:  57%|#####7    | 66/115 [01:01<00:36,  1.34it/s]
train:  58%|#####8    | 67/115 [01:02<00:35,  1.34it/s]
train:  59%|#####9    | 68/115 [01:03<00:35,  1.34it/s]
train:  60%|######    | 69/115 [01:03<00:34,  1.34it/s]
train:  61%|######    | 70/115 [01:04<00:33,  1.34it/s]
train:  62%|######1   | 71/115 [01:05<00:32,  1.34it/s]
train:  63%|######2   | 72/115 [01:06<00:32,  1.34it/s]
train:  63%|######3   | 73/115 [01:06<00:31,  1.34it/s]
train:  64%|######4   | 74/115 [01:07<00:30,  1.34it/s]
train:  65%|######5   | 75/115 [01:08<00:29,  1.34it/s]
train:  66%|######6   | 76/115 [01:09<00:28,  1.35it/s]
train:  67%|######6   | 77/115 [01:09<00:28,  1.34it/s]
train:  68%|######7   | 78/115 [01:10<00:27,  1.34it/s]
train:  69%|######8   | 79/115 [01:11<00:26,  1.34it/s]
train:  70%|######9   | 80/115 [01:12<00:26,  1.34it/s]
train:  70%|#######   | 81/115 [01:12<00:25,  1.34it/s]
train:  71%|#######1  | 82/115 [01:13<00:24,  1.34it/s]
train:  72%|#######2  | 83/115 [01:14<00:23,  1.34it/s]
train:  73%|#######3  | 84/115 [01:15<00:23,  1.34it/s]
train:  74%|#######3  | 85/115 [01:15<00:22,  1.34it/s]
train:  75%|#######4  | 86/115 [01:16<00:21,  1.34it/s]
train:  76%|#######5  | 87/115 [01:17<00:20,  1.34it/s]
train:  77%|#######6  | 88/115 [01:18<00:20,  1.34it/s]
train:  77%|#######7  | 89/115 [01:18<00:19,  1.34it/s]
train:  78%|#######8  | 90/115 [01:19<00:18,  1.34it/s]
train:  79%|#######9  | 91/115 [01:20<00:17,  1.34it/s]
train:  80%|########  | 92/115 [01:21<00:17,  1.34it/s]
train:  81%|########  | 93/115 [01:21<00:16,  1.34it/s]
train:  82%|########1 | 94/115 [01:22<00:15,  1.34it/s]
train:  83%|########2 | 95/115 [01:23<00:14,  1.34it/s]
train:  83%|########3 | 96/115 [01:24<00:14,  1.34it/s]
train:  84%|########4 | 97/115 [01:24<00:13,  1.34it/s]
train:  85%|########5 | 98/115 [01:25<00:12,  1.34it/s]
train:  86%|########6 | 99/115 [01:26<00:11,  1.34it/s]
train:  87%|########6 | 100/115 [01:27<00:11,  1.34it/s]
train:  88%|########7 | 101/115 [01:27<00:10,  1.34it/s]
train:  89%|########8 | 102/115 [01:28<00:09,  1.34it/s]
train:  90%|########9 | 103/115 [01:29<00:08,  1.34it/s]
train:  90%|######### | 104/115 [01:30<00:08,  1.34it/s]
train:  91%|#########1| 105/115 [01:30<00:07,  1.34it/s]
train:  92%|#########2| 106/115 [01:31<00:06,  1.35it/s]
train:  93%|#########3| 107/115 [01:32<00:05,  1.34it/s]
train:  94%|#########3| 108/115 [01:33<00:05,  1.34it/s]
train:  95%|#########4| 109/115 [01:33<00:04,  1.34it/s]
train:  96%|#########5| 110/115 [01:34<00:03,  1.34it/s]
train:  97%|#########6| 111/115 [01:35<00:02,  1.35it/s]
train:  97%|#########7| 112/115 [01:35<00:02,  1.35it/s]
train:  98%|#########8| 113/115 [01:36<00:01,  1.35it/s]
train:  99%|#########9| 114/115 [01:37<00:00,  1.35it/s]
train: 100%|##########| 115/115 [01:37<00:00,  1.68it/s]
                                                        

eval:   0%|          | 0/10 [00:00<?, ?it/s]
eval:  10%|#         | 1/10 [00:12<01:53, 12.65s/it]
eval:  30%|###       | 3/10 [00:12<00:23,  3.35s/it]
eval:  50%|#####     | 5/10 [00:13<00:08,  1.67s/it]
eval:  70%|#######   | 7/10 [00:13<00:03,  1.01s/it]
eval:  90%|######### | 9/10 [00:13<00:00,  1.51it/s]
epoch=9 train_loss=0.0527 val_auroc=0.9233 train_s=98.4 val_s=14.2
                                                    

train:   0%|          | 0/115 [00:00<?, ?it/s]
train:   1%|          | 1/115 [00:13<25:22, 13.36s/it]
train:   2%|1         | 2/115 [00:14<11:10,  5.94s/it]
train:   3%|2         | 3/115 [00:14<06:39,  3.57s/it]
train:   3%|3         | 4/115 [00:15<04:32,  2.45s/it]
train:   4%|4         | 5/115 [00:16<03:21,  1.84s/it]
train:   5%|5         | 6/115 [00:17<02:39,  1.46s/it]
train:   6%|6         | 7/115 [00:17<02:12,  1.23s/it]
train:   7%|6         | 8/115 [00:18<01:54,  1.07s/it]
train:   8%|7         | 9/115 [00:19<01:43,  1.03it/s]
train:   9%|8         | 10/115 [00:20<01:34,  1.11it/s]
train:  10%|9         | 11/115 [00:20<01:28,  1.17it/s]
train:  10%|#         | 12/115 [00:21<01:24,  1.22it/s]
train:  11%|#1        | 13/115 [00:22<01:21,  1.25it/s]
train:  12%|#2        | 14/115 [00:23<01:18,  1.28it/s]
train:  13%|#3        | 15/115 [00:23<01:17,  1.30it/s]
train:  14%|#3        | 16/115 [00:24<01:15,  1.31it/s]
train:  15%|#4        | 17/115 [00:25<01:14,  1.32it/s]
train:  16%|#5        | 18/115 [00:26<01:13,  1.33it/s]
train:  17%|#6        | 19/115 [00:26<01:11,  1.33it/s]
train:  17%|#7        | 20/115 [00:27<01:11,  1.34it/s]
train:  18%|#8        | 21/115 [00:28<01:10,  1.34it/s]
train:  19%|#9        | 22/115 [00:28<01:09,  1.34it/s]
train:  20%|##        | 23/115 [00:29<01:08,  1.34it/s]
train:  21%|##        | 24/115 [00:30<01:07,  1.34it/s]
train:  22%|##1       | 25/115 [00:31<01:06,  1.34it/s]
train:  23%|##2       | 26/115 [00:31<01:06,  1.34it/s]
train:  23%|##3       | 27/115 [00:32<01:05,  1.34it/s]
train:  24%|##4       | 28/115 [00:33<01:04,  1.34it/s]
train:  25%|##5       | 29/115 [00:34<01:04,  1.34it/s]
train:  26%|##6       | 30/115 [00:34<01:03,  1.34it/s]
train:  27%|##6       | 31/115 [00:35<01:02,  1.34it/s]
train:  28%|##7       | 32/115 [00:36<01:01,  1.34it/s]
train:  29%|##8       | 33/115 [00:37<01:00,  1.34it/s]
train:  30%|##9       | 34/115 [00:37<01:00,  1.35it/s]
train:  30%|###       | 35/115 [00:38<00:59,  1.35it/s]
train:  31%|###1      | 36/115 [00:39<00:58,  1.35it/s]
train:  32%|###2      | 37/115 [00:40<00:57,  1.35it/s]
train:  33%|###3      | 38/115 [00:40<00:57,  1.35it/s]
train:  34%|###3      | 39/115 [00:41<00:56,  1.34it/s]
train:  35%|###4      | 40/115 [00:42<00:55,  1.35it/s]
train:  36%|###5      | 41/115 [00:43<00:55,  1.35it/s]
train:  37%|###6      | 42/115 [00:43<00:54,  1.34it/s]
train:  37%|###7      | 43/115 [00:44<00:53,  1.35it/s]
train:  38%|###8      | 44/115 [00:45<00:52,  1.35it/s]
train:  39%|###9      | 45/115 [00:46<00:52,  1.34it/s]
train:  40%|####      | 46/115 [00:46<00:51,  1.34it/s]
train:  41%|####      | 47/115 [00:47<00:50,  1.35it/s]
train:  42%|####1     | 48/115 [00:48<00:49,  1.35it/s]
train:  43%|####2     | 49/115 [00:49<00:49,  1.35it/s]
train:  43%|####3     | 50/115 [00:49<00:48,  1.35it/s]
train:  44%|####4     | 51/115 [00:50<00:47,  1.34it/s]
train:  45%|####5     | 52/115 [00:51<00:46,  1.34it/s]
train:  46%|####6     | 53/115 [00:52<00:46,  1.34it/s]
train:  47%|####6     | 54/115 [00:52<00:45,  1.34it/s]
train:  48%|####7     | 55/115 [00:53<00:44,  1.34it/s]
train:  49%|####8     | 56/115 [00:54<00:43,  1.34it/s]
train:  50%|####9     | 57/115 [00:55<00:43,  1.34it/s]
train:  50%|#####     | 58/115 [00:55<00:42,  1.34it/s]
train:  51%|#####1    | 59/115 [00:56<00:41,  1.34it/s]
train:  52%|#####2    | 60/115 [00:57<00:40,  1.35it/s]
train:  53%|#####3    | 61/115 [00:57<00:40,  1.35it/s]
train:  54%|#####3    | 62/115 [00:58<00:39,  1.35it/s]
train:  55%|#####4    | 63/115 [00:59<00:38,  1.34it/s]
train:  56%|#####5    | 64/115 [01:00<00:37,  1.35it/s]
train:  57%|#####6    | 65/115 [01:00<00:37,  1.35it/s]
train:  57%|#####7    | 66/115 [01:01<00:36,  1.35it/s]
train:  58%|#####8    | 67/115 [01:02<00:35,  1.35it/s]
train:  59%|#####9    | 68/115 [01:03<00:34,  1.35it/s]
train:  60%|######    | 69/115 [01:03<00:34,  1.35it/s]
train:  61%|######    | 70/115 [01:04<00:33,  1.34it/s]
train:  62%|######1   | 71/115 [01:05<00:32,  1.34it/s]
train:  63%|######2   | 72/115 [01:06<00:32,  1.34it/s]
train:  63%|######3   | 73/115 [01:06<00:31,  1.35it/s]
train:  64%|######4   | 74/115 [01:07<00:30,  1.34it/s]
train:  65%|######5   | 75/115 [01:08<00:29,  1.34it/s]
train:  66%|######6   | 76/115 [01:09<00:29,  1.34it/s]
train:  67%|######6   | 77/115 [01:09<00:28,  1.34it/s]
train:  68%|######7   | 78/115 [01:10<00:27,  1.35it/s]
train:  69%|######8   | 79/115 [01:11<00:26,  1.34it/s]
train:  70%|######9   | 80/115 [01:12<00:25,  1.35it/s]
train:  70%|#######   | 81/115 [01:12<00:25,  1.35it/s]
train:  71%|#######1  | 82/115 [01:13<00:24,  1.35it/s]
train:  72%|#######2  | 83/115 [01:14<00:23,  1.35it/s]
train:  73%|#######3  | 84/115 [01:15<00:23,  1.35it/s]
train:  74%|#######3  | 85/115 [01:15<00:22,  1.34it/s]
train:  75%|#######4  | 86/115 [01:16<00:21,  1.35it/s]
train:  76%|#######5  | 87/115 [01:17<00:20,  1.34it/s]
train:  77%|#######6  | 88/115 [01:18<00:20,  1.34it/s]
train:  77%|#######7  | 89/115 [01:18<00:19,  1.34it/s]
train:  78%|#######8  | 90/115 [01:19<00:18,  1.34it/s]
train:  79%|#######9  | 91/115 [01:20<00:17,  1.34it/s]
train:  80%|########  | 92/115 [01:21<00:17,  1.35it/s]
train:  81%|########  | 93/115 [01:21<00:16,  1.34it/s]
train:  82%|########1 | 94/115 [01:22<00:15,  1.35it/s]
train:  83%|########2 | 95/115 [01:23<00:14,  1.35it/s]
train:  83%|########3 | 96/115 [01:24<00:14,  1.34it/s]
train:  84%|########4 | 97/115 [01:24<00:13,  1.34it/s]
train:  85%|########5 | 98/115 [01:25<00:12,  1.34it/s]
train:  86%|########6 | 99/115 [01:26<00:11,  1.34it/s]
train:  87%|########6 | 100/115 [01:26<00:11,  1.34it/s]
train:  88%|########7 | 101/115 [01:27<00:10,  1.34it/s]
train:  89%|########8 | 102/115 [01:28<00:09,  1.34it/s]
train:  90%|########9 | 103/115 [01:29<00:08,  1.34it/s]
train:  90%|######### | 104/115 [01:29<00:08,  1.34it/s]
train:  91%|#########1| 105/115 [01:30<00:07,  1.34it/s]
train:  92%|#########2| 106/115 [01:31<00:06,  1.34it/s]
train:  93%|#########3| 107/115 [01:32<00:05,  1.34it/s]
train:  94%|#########3| 108/115 [01:32<00:05,  1.34it/s]
train:  95%|#########4| 109/115 [01:33<00:04,  1.34it/s]
train:  96%|#########5| 110/115 [01:34<00:03,  1.34it/s]
train:  97%|#########6| 111/115 [01:35<00:02,  1.34it/s]
train:  97%|#########7| 112/115 [01:35<00:02,  1.39it/s]
train:  98%|#########8| 113/115 [01:36<00:01,  1.38it/s]
train:  99%|#########9| 114/115 [01:37<00:00,  1.37it/s]
train: 100%|##########| 115/115 [01:37<00:00,  1.70it/s]
                                                        

eval:   0%|          | 0/10 [00:00<?, ?it/s]
eval:  10%|#         | 1/10 [00:12<01:53, 12.62s/it]
eval:  30%|###       | 3/10 [00:12<00:23,  3.34s/it]
eval:  50%|#####     | 5/10 [00:12<00:08,  1.67s/it]
eval:  70%|#######   | 7/10 [00:13<00:03,  1.00s/it]
eval:  90%|######### | 9/10 [00:13<00:00,  1.52it/s]
epoch=10 train_loss=0.0540 val_auroc=0.9450 train_s=98.3 val_s=14.2
                                                    

train:   0%|          | 0/115 [00:00<?, ?it/s]
train:   1%|          | 1/115 [00:13<25:24, 13.37s/it]
train:   2%|1         | 2/115 [00:14<11:11,  5.94s/it]
train:   3%|2         | 3/115 [00:14<06:39,  3.57s/it]
train:   3%|3         | 4/115 [00:15<04:32,  2.45s/it]
train:   4%|4         | 5/115 [00:16<03:22,  1.84s/it]
train:   5%|5         | 6/115 [00:17<02:39,  1.47s/it]
train:   6%|6         | 7/115 [00:17<02:12,  1.23s/it]
train:   7%|6         | 8/115 [00:18<01:55,  1.07s/it]
train:   8%|7         | 9/115 [00:19<01:43,  1.03it/s]
train:   9%|8         | 10/115 [00:20<01:34,  1.11it/s]
train:  10%|9         | 11/115 [00:20<01:28,  1.17it/s]
train:  10%|#         | 12/115 [00:21<01:24,  1.22it/s]
train:  11%|#1        | 13/115 [00:22<01:21,  1.25it/s]
train:  12%|#2        | 14/115 [00:23<01:18,  1.28it/s]
train:  13%|#3        | 15/115 [00:23<01:16,  1.30it/s]
train:  14%|#3        | 16/115 [00:24<01:15,  1.31it/s]
train:  15%|#4        | 17/115 [00:25<01:14,  1.32it/s]
train:  16%|#5        | 18/115 [00:26<01:13,  1.33it/s]
train:  17%|#6        | 19/115 [00:26<01:12,  1.33it/s]
train:  17%|#7        | 20/115 [00:27<01:10,  1.34it/s]
train:  18%|#8        | 21/115 [00:28<01:10,  1.34it/s]
train:  19%|#9        | 22/115 [00:28<01:09,  1.34it/s]
train:  20%|##        | 23/115 [00:29<01:08,  1.34it/s]
train:  21%|##        | 24/115 [00:30<01:07,  1.34it/s]
train:  22%|##1       | 25/115 [00:31<01:07,  1.34it/s]
train:  23%|##2       | 26/115 [00:31<01:06,  1.34it/s]
train:  23%|##3       | 27/115 [00:32<01:05,  1.34it/s]
train:  24%|##4       | 28/115 [00:33<01:04,  1.34it/s]
train:  25%|##5       | 29/115 [00:34<01:04,  1.34it/s]
train:  26%|##6       | 30/115 [00:34<01:03,  1.35it/s]
train:  27%|##6       | 31/115 [00:35<01:02,  1.34it/s]
train:  28%|##7       | 32/115 [00:36<01:01,  1.34it/s]
train:  29%|##8       | 33/115 [00:37<01:00,  1.34it/s]
train:  30%|##9       | 34/115 [00:37<01:00,  1.35it/s]
train:  30%|###       | 35/115 [00:38<00:59,  1.34it/s]
train:  31%|###1      | 36/115 [00:39<00:58,  1.34it/s]
train:  32%|###2      | 37/115 [00:40<00:57,  1.35it/s]
train:  33%|###3      | 38/115 [00:40<00:57,  1.34it/s]
train:  34%|###3      | 39/115 [00:41<00:56,  1.34it/s]
train:  35%|###4      | 40/115 [00:42<00:55,  1.34it/s]
train:  36%|###5      | 41/115 [00:43<00:54,  1.35it/s]
train:  37%|###6      | 42/115 [00:43<00:54,  1.35it/s]
train:  37%|###7      | 43/115 [00:44<00:53,  1.35it/s]
train:  38%|###8      | 44/115 [00:45<00:52,  1.35it/s]
train:  39%|###9      | 45/115 [00:46<00:52,  1.34it/s]
train:  40%|####      | 46/115 [00:46<00:51,  1.34it/s]
train:  41%|####      | 47/115 [00:47<00:50,  1.34it/s]
train:  42%|####1     | 48/115 [00:48<00:49,  1.34it/s]
train:  43%|####2     | 49/115 [00:49<00:49,  1.34it/s]
train:  43%|####3     | 50/115 [00:49<00:48,  1.34it/s]
train:  44%|####4     | 51/115 [00:50<00:47,  1.34it/s]
train:  45%|####5     | 52/115 [00:51<00:46,  1.34it/s]
train:  46%|####6     | 53/115 [00:52<00:46,  1.34it/s]
train:  47%|####6     | 54/115 [00:52<00:45,  1.34it/s]
train:  48%|####7     | 55/115 [00:53<00:44,  1.34it/s]
train:  49%|####8     | 56/115 [00:54<00:43,  1.34it/s]
train:  50%|####9     | 57/115 [00:55<00:43,  1.35it/s]
train:  50%|#####     | 58/115 [00:55<00:42,  1.35it/s]
train:  51%|#####1    | 59/115 [00:56<00:41,  1.34it/s]
train:  52%|#####2    | 60/115 [00:57<00:40,  1.34it/s]
train:  53%|#####3    | 61/115 [00:58<00:40,  1.35it/s]
train:  54%|#####3    | 62/115 [00:58<00:39,  1.35it/s]
train:  55%|#####4    | 63/115 [00:59<00:38,  1.34it/s]
train:  56%|#####5    | 64/115 [01:00<00:37,  1.35it/s]
train:  57%|#####6    | 65/115 [01:00<00:37,  1.34it/s]
train:  57%|#####7    | 66/115 [01:01<00:36,  1.34it/s]
train:  58%|#####8    | 67/115 [01:02<00:35,  1.34it/s]
train:  59%|#####9    | 68/115 [01:03<00:35,  1.34it/s]
train:  60%|######    | 69/115 [01:03<00:34,  1.34it/s]
train:  61%|######    | 70/115 [01:04<00:33,  1.34it/s]
train:  62%|######1   | 71/115 [01:05<00:32,  1.34it/s]
train:  63%|######2   | 72/115 [01:06<00:32,  1.34it/s]
train:  63%|######3   | 73/115 [01:06<00:31,  1.34it/s]
train:  64%|######4   | 74/115 [01:07<00:30,  1.35it/s]
train:  65%|######5   | 75/115 [01:08<00:29,  1.34it/s]
train:  66%|######6   | 76/115 [01:09<00:29,  1.34it/s]
train:  67%|######6   | 77/115 [01:09<00:28,  1.34it/s]
train:  68%|######7   | 78/115 [01:10<00:27,  1.34it/s]
train:  69%|######8   | 79/115 [01:11<00:26,  1.34it/s]
train:  70%|######9   | 80/115 [01:12<00:26,  1.34it/s]
train:  70%|#######   | 81/115 [01:12<00:25,  1.34it/s]
train:  71%|#######1  | 82/115 [01:13<00:24,  1.34it/s]
train:  72%|#######2  | 83/115 [01:14<00:23,  1.34it/s]
train:  73%|#######3  | 84/115 [01:15<00:23,  1.34it/s]
train:  74%|#######3  | 85/115 [01:15<00:22,  1.34it/s]
train:  75%|#######4  | 86/115 [01:16<00:21,  1.34it/s]
train:  76%|#######5  | 87/115 [01:17<00:20,  1.34it/s]
train:  77%|#######6  | 88/115 [01:18<00:20,  1.34it/s]
train:  77%|#######7  | 89/115 [01:18<00:19,  1.34it/s]
train:  78%|#######8  | 90/115 [01:19<00:18,  1.34it/s]
train:  79%|#######9  | 91/115 [01:20<00:17,  1.34it/s]
train:  80%|########  | 92/115 [01:21<00:17,  1.34it/s]
train:  81%|########  | 93/115 [01:21<00:16,  1.34it/s]
train:  82%|########1 | 94/115 [01:22<00:15,  1.34it/s]
train:  83%|########2 | 95/115 [01:23<00:14,  1.34it/s]
train:  83%|########3 | 96/115 [01:24<00:14,  1.34it/s]
train:  84%|########4 | 97/115 [01:24<00:13,  1.34it/s]
train:  85%|########5 | 98/115 [01:25<00:12,  1.34it/s]
train:  86%|########6 | 99/115 [01:26<00:11,  1.34it/s]
train:  87%|########6 | 100/115 [01:27<00:11,  1.34it/s]
train:  88%|########7 | 101/115 [01:27<00:10,  1.34it/s]
train:  89%|########8 | 102/115 [01:28<00:09,  1.35it/s]
train:  90%|########9 | 103/115 [01:29<00:08,  1.34it/s]
train:  90%|######### | 104/115 [01:30<00:08,  1.34it/s]
train:  91%|#########1| 105/115 [01:30<00:07,  1.34it/s]
train:  92%|#########2| 106/115 [01:31<00:06,  1.34it/s]
train:  93%|#########3| 107/115 [01:32<00:05,  1.34it/s]
train:  94%|#########3| 108/115 [01:33<00:05,  1.34it/s]
train:  95%|#########4| 109/115 [01:33<00:04,  1.34it/s]
train:  96%|#########5| 110/115 [01:34<00:03,  1.34it/s]
train:  97%|#########6| 111/115 [01:35<00:02,  1.34it/s]
train:  97%|#########7| 112/115 [01:35<00:02,  1.35it/s]
train:  98%|#########8| 113/115 [01:36<00:01,  1.34it/s]
train:  99%|#########9| 114/115 [01:37<00:00,  1.34it/s]
train: 100%|##########| 115/115 [01:37<00:00,  1.68it/s]
                                                        

eval:   0%|          | 0/10 [00:00<?, ?it/s]
eval:  10%|#         | 1/10 [00:12<01:54, 12.68s/it]
eval:  30%|###       | 3/10 [00:12<00:23,  3.36s/it]
eval:  50%|#####     | 5/10 [00:13<00:08,  1.68s/it]
eval:  70%|#######   | 7/10 [00:13<00:03,  1.01s/it]
eval:  90%|######### | 9/10 [00:13<00:00,  1.51it/s]
epoch=11 train_loss=0.0557 val_auroc=0.9493 train_s=98.4 val_s=14.2
                                                    

train:   0%|          | 0/115 [00:00<?, ?it/s]
train:   1%|          | 1/115 [00:13<25:22, 13.36s/it]
train:   2%|1         | 2/115 [00:14<11:11,  5.94s/it]
train:   3%|2         | 3/115 [00:14<06:39,  3.56s/it]
train:   3%|3         | 4/115 [00:15<04:32,  2.45s/it]
train:   4%|4         | 5/115 [00:16<03:21,  1.83s/it]
train:   5%|5         | 6/115 [00:17<02:39,  1.46s/it]
train:   6%|6         | 7/115 [00:17<02:12,  1.23s/it]
train:   7%|6         | 8/115 [00:18<01:54,  1.07s/it]
train:   8%|7         | 9/115 [00:19<01:42,  1.03it/s]
train:   9%|8         | 10/115 [00:20<01:34,  1.11it/s]
train:  10%|9         | 11/115 [00:20<01:28,  1.17it/s]
train:  10%|#         | 12/115 [00:21<01:24,  1.22it/s]
train:  11%|#1        | 13/115 [00:22<01:21,  1.25it/s]
train:  12%|#2        | 14/115 [00:23<01:18,  1.28it/s]
train:  13%|#3        | 15/115 [00:23<01:16,  1.30it/s]
train:  14%|#3        | 16/115 [00:24<01:15,  1.31it/s]
train:  15%|#4        | 17/115 [00:25<01:14,  1.32it/s]
train:  16%|#5        | 18/115 [00:25<01:12,  1.33it/s]
train:  17%|#6        | 19/115 [00:26<01:12,  1.33it/s]
train:  17%|#7        | 20/115 [00:27<01:11,  1.34it/s]
train:  18%|#8        | 21/115 [00:28<01:10,  1.34it/s]
train:  19%|#9        | 22/115 [00:28<01:09,  1.34it/s]
train:  20%|##        | 23/115 [00:29<01:08,  1.34it/s]
train:  21%|##        | 24/115 [00:30<01:07,  1.34it/s]
train:  22%|##1       | 25/115 [00:31<01:06,  1.34it/s]
train:  23%|##2       | 26/115 [00:31<01:06,  1.35it/s]
train:  23%|##3       | 27/115 [00:32<01:05,  1.35it/s]
train:  24%|##4       | 28/115 [00:33<01:04,  1.35it/s]
train:  25%|##5       | 29/115 [00:34<01:03,  1.35it/s]
train:  26%|##6       | 30/115 [00:34<01:03,  1.35it/s]
train:  27%|##6       | 31/115 [00:35<01:02,  1.35it/s]
train:  28%|##7       | 32/115 [00:36<01:01,  1.34it/s]
train:  29%|##8       | 33/115 [00:37<01:01,  1.34it/s]
train:  30%|##9       | 34/115 [00:37<01:00,  1.34it/s]
train:  30%|###       | 35/115 [00:38<00:59,  1.35it/s]
train:  31%|###1      | 36/115 [00:39<00:58,  1.35it/s]
train:  32%|###2      | 37/115 [00:40<00:57,  1.35it/s]
train:  33%|###3      | 38/115 [00:40<00:57,  1.35it/s]
train:  34%|###3      | 39/115 [00:41<00:56,  1.35it/s]
train:  35%|###4      | 40/115 [00:42<00:55,  1.35it/s]
train:  36%|###5      | 41/115 [00:43<00:55,  1.34it/s]
train:  37%|###6      | 42/115 [00:43<00:54,  1.34it/s]
train:  37%|###7      | 43/115 [00:44<00:53,  1.34it/s]
train:  38%|###8      | 44/115 [00:45<00:52,  1.34it/s]
train:  39%|###9      | 45/115 [00:46<00:52,  1.34it/s]
train:  40%|####      | 46/115 [00:46<00:51,  1.34it/s]
train:  41%|####      | 47/115 [00:47<00:50,  1.34it/s]
train:  42%|####1     | 48/115 [00:48<00:49,  1.34it/s]
train:  43%|####2     | 49/115 [00:49<00:49,  1.34it/s]
train:  43%|####3     | 50/115 [00:49<00:48,  1.34it/s]
train:  44%|####4     | 51/115 [00:50<00:47,  1.34it/s]
train:  45%|####5     | 52/115 [00:51<00:46,  1.34it/s]
train:  46%|####6     | 53/115 [00:52<00:46,  1.34it/s]
train:  47%|####6     | 54/115 [00:52<00:45,  1.34it/s]
train:  48%|####7     | 55/115 [00:53<00:44,  1.34it/s]
train:  49%|####8     | 56/115 [00:54<00:43,  1.34it/s]
train:  50%|####9     | 57/115 [00:55<00:43,  1.34it/s]
train:  50%|#####     | 58/115 [00:55<00:42,  1.34it/s]
train:  51%|#####1    | 59/115 [00:56<00:41,  1.34it/s]
train:  52%|#####2    | 60/115 [00:57<00:40,  1.34it/s]
train:  53%|#####3    | 61/115 [00:57<00:40,  1.35it/s]
train:  54%|#####3    | 62/115 [00:58<00:39,  1.35it/s]
train:  55%|#####4    | 63/115 [00:59<00:38,  1.35it/s]
train:  56%|#####5    | 64/115 [01:00<00:37,  1.35it/s]
train:  57%|#####6    | 65/115 [01:00<00:37,  1.34it/s]
train:  57%|#####7    | 66/115 [01:01<00:36,  1.35it/s]
train:  58%|#####8    | 67/115 [01:02<00:35,  1.35it/s]
train:  59%|#####9    | 68/115 [01:03<00:34,  1.35it/s]
train:  60%|######    | 69/115 [01:03<00:34,  1.34it/s]
train:  61%|######    | 70/115 [01:04<00:33,  1.34it/s]
train:  62%|######1   | 71/115 [01:05<00:32,  1.34it/s]
train:  63%|######2   | 72/115 [01:06<00:32,  1.34it/s]
train:  63%|######3   | 73/115 [01:06<00:31,  1.34it/s]
train:  64%|######4   | 74/115 [01:07<00:30,  1.34it/s]
train:  65%|######5   | 75/115 [01:08<00:29,  1.34it/s]
train:  66%|######6   | 76/115 [01:09<00:29,  1.34it/s]
train:  67%|######6   | 77/115 [01:09<00:28,  1.34it/s]
train:  68%|######7   | 78/115 [01:10<00:27,  1.35it/s]
train:  69%|######8   | 79/115 [01:11<00:26,  1.34it/s]
train:  70%|######9   | 80/115 [01:12<00:26,  1.34it/s]
train:  70%|#######   | 81/115 [01:12<00:25,  1.34it/s]
train:  71%|#######1  | 82/115 [01:13<00:24,  1.34it/s]
train:  72%|#######2  | 83/115 [01:14<00:23,  1.34it/s]
train:  73%|#######3  | 84/115 [01:15<00:23,  1.34it/s]
train:  74%|#######3  | 85/115 [01:15<00:22,  1.34it/s]
train:  75%|#######4  | 86/115 [01:16<00:21,  1.34it/s]
train:  76%|#######5  | 87/115 [01:17<00:20,  1.34it/s]
train:  77%|#######6  | 88/115 [01:18<00:20,  1.34it/s]
train:  77%|#######7  | 89/115 [01:18<00:19,  1.34it/s]
train:  78%|#######8  | 90/115 [01:19<00:18,  1.34it/s]
train:  79%|#######9  | 91/115 [01:20<00:17,  1.34it/s]
train:  80%|########  | 92/115 [01:21<00:17,  1.35it/s]
train:  81%|########  | 93/115 [01:21<00:16,  1.34it/s]
train:  82%|########1 | 94/115 [01:22<00:15,  1.34it/s]
train:  83%|########2 | 95/115 [01:23<00:14,  1.35it/s]
train:  83%|########3 | 96/115 [01:24<00:14,  1.34it/s]
train:  84%|########4 | 97/115 [01:24<00:13,  1.34it/s]
train:  85%|########5 | 98/115 [01:25<00:12,  1.35it/s]
train:  86%|########6 | 99/115 [01:26<00:11,  1.35it/s]
train:  87%|########6 | 100/115 [01:27<00:11,  1.35it/s]
train:  88%|########7 | 101/115 [01:27<00:10,  1.34it/s]
train:  89%|########8 | 102/115 [01:28<00:09,  1.35it/s]
train:  90%|########9 | 103/115 [01:29<00:08,  1.35it/s]
train:  90%|######### | 104/115 [01:29<00:08,  1.35it/s]
train:  91%|#########1| 105/115 [01:30<00:07,  1.35it/s]
train:  92%|#########2| 106/115 [01:31<00:06,  1.35it/s]
train:  93%|#########3| 107/115 [01:32<00:05,  1.35it/s]
train:  94%|#########3| 108/115 [01:32<00:05,  1.35it/s]
train:  95%|#########4| 109/115 [01:33<00:04,  1.35it/s]
train:  96%|#########5| 110/115 [01:34<00:03,  1.34it/s]
train:  97%|#########6| 111/115 [01:35<00:02,  1.34it/s]
train:  97%|#########7| 112/115 [01:35<00:02,  1.34it/s]
train:  98%|#########8| 113/115 [01:36<00:01,  1.34it/s]
train:  99%|#########9| 114/115 [01:37<00:00,  1.35it/s]
train: 100%|##########| 115/115 [01:37<00:00,  1.68it/s]
                                                        

eval:   0%|          | 0/10 [00:00<?, ?it/s]
eval:  10%|#         | 1/10 [00:12<01:52, 12.54s/it]
eval:  30%|###       | 3/10 [00:12<00:23,  3.32s/it]
eval:  50%|#####     | 5/10 [00:12<00:08,  1.66s/it]
eval:  70%|#######   | 7/10 [00:13<00:02,  1.00it/s]
eval:  90%|######### | 9/10 [00:13<00:00,  1.52it/s]
epoch=12 train_loss=0.0176 val_auroc=0.9456 train_s=98.3 val_s=14.1
                                                    

train:   0%|          | 0/115 [00:00<?, ?it/s]
train:   1%|          | 1/115 [00:13<25:27, 13.40s/it]
train:   2%|1         | 2/115 [00:14<11:13,  5.96s/it]
train:   3%|2         | 3/115 [00:14<06:40,  3.58s/it]
train:   3%|3         | 4/115 [00:15<04:32,  2.46s/it]
train:   4%|4         | 5/115 [00:16<03:22,  1.84s/it]
train:   5%|5         | 6/115 [00:17<02:39,  1.47s/it]
train:   6%|6         | 7/115 [00:17<02:12,  1.23s/it]
train:   7%|6         | 8/115 [00:18<01:55,  1.08s/it]
train:   8%|7         | 9/115 [00:19<01:42,  1.03it/s]
train:   9%|8         | 10/115 [00:20<01:34,  1.11it/s]
train:  10%|9         | 11/115 [00:20<01:28,  1.17it/s]
train:  10%|#         | 12/115 [00:21<01:24,  1.22it/s]
train:  11%|#1        | 13/115 [00:22<01:21,  1.26it/s]
train:  12%|#2        | 14/115 [00:23<01:18,  1.28it/s]
train:  13%|#3        | 15/115 [00:23<01:16,  1.30it/s]
train:  14%|#3        | 16/115 [00:24<01:15,  1.32it/s]
train:  15%|#4        | 17/115 [00:25<01:14,  1.32it/s]
train:  16%|#5        | 18/115 [00:26<01:12,  1.33it/s]
train:  17%|#6        | 19/115 [00:26<01:11,  1.34it/s]
train:  17%|#7        | 20/115 [00:27<01:11,  1.34it/s]
train:  18%|#8        | 21/115 [00:28<01:10,  1.34it/s]
train:  19%|#9        | 22/115 [00:29<01:09,  1.34it/s]
train:  20%|##        | 23/115 [00:29<01:08,  1.34it/s]
train:  21%|##        | 24/115 [00:30<01:07,  1.34it/s]
train:  22%|##1       | 25/115 [00:31<01:06,  1.34it/s]
train:  23%|##2       | 26/115 [00:31<01:06,  1.34it/s]
train:  23%|##3       | 27/115 [00:32<01:05,  1.35it/s]
train:  24%|##4       | 28/115 [00:33<01:04,  1.34it/s]
train:  25%|##5       | 29/115 [00:34<01:03,  1.34it/s]
train:  26%|##6       | 30/115 [00:34<01:03,  1.34it/s]
train:  27%|##6       | 31/115 [00:35<01:02,  1.34it/s]
train:  28%|##7       | 32/115 [00:36<01:01,  1.35it/s]
train:  29%|##8       | 33/115 [00:37<01:00,  1.35it/s]
train:  30%|##9       | 34/115 [00:37<01:00,  1.34it/s]
train:  30%|###       | 35/115 [00:38<00:59,  1.34it/s]
train:  31%|###1      | 36/115 [00:39<00:58,  1.35it/s]
train:  32%|###2      | 37/115 [00:40<00:58,  1.34it/s]
train:  33%|###3      | 38/115 [00:40<00:57,  1.34it/s]
train:  34%|###3      | 39/115 [00:41<00:56,  1.34it/s]
train:  35%|###4      | 40/115 [00:42<00:55,  1.34it/s]
train:  36%|###5      | 41/115 [00:43<00:55,  1.34it/s]
train:  37%|###6      | 42/115 [00:43<00:54,  1.34it/s]
train:  37%|###7      | 43/115 [00:44<00:53,  1.35it/s]
train:  38%|###8      | 44/115 [00:45<00:52,  1.34it/s]
train:  39%|###9      | 45/115 [00:46<00:52,  1.34it/s]
train:  40%|####      | 46/115 [00:46<00:51,  1.34it/s]
train:  41%|####      | 47/115 [00:47<00:50,  1.35it/s]
train:  42%|####1     | 48/115 [00:48<00:49,  1.35it/s]
train:  43%|####2     | 49/115 [00:49<00:49,  1.34it/s]
train:  43%|####3     | 50/115 [00:49<00:48,  1.35it/s]
train:  44%|####4     | 51/115 [00:50<00:47,  1.34it/s]
train:  45%|####5     | 52/115 [00:51<00:46,  1.34it/s]
train:  46%|####6     | 53/115 [00:52<00:46,  1.34it/s]
train:  47%|####6     | 54/115 [00:52<00:45,  1.34it/s]
train:  48%|####7     | 55/115 [00:53<00:44,  1.34it/s]
train:  49%|####8     | 56/115 [00:54<00:43,  1.34it/s]
train:  50%|####9     | 57/115 [00:55<00:43,  1.34it/s]
train:  50%|#####     | 58/115 [00:55<00:42,  1.35it/s]
train:  51%|#####1    | 59/115 [00:56<00:41,  1.35it/s]
train:  52%|#####2    | 60/115 [00:57<00:40,  1.35it/s]
train:  53%|#####3    | 61/115 [00:58<00:40,  1.34it/s]
train:  54%|#####3    | 62/115 [00:58<00:39,  1.34it/s]
train:  55%|#####4    | 63/115 [00:59<00:38,  1.34it/s]
train:  56%|#####5    | 64/115 [01:00<00:38,  1.34it/s]
train:  57%|#####6    | 65/115 [01:00<00:37,  1.34it/s]
train:  57%|#####7    | 66/115 [01:01<00:36,  1.35it/s]
train:  58%|#####8    | 67/115 [01:02<00:35,  1.34it/s]
train:  59%|#####9    | 68/115 [01:03<00:34,  1.35it/s]
train:  60%|######    | 69/115 [01:03<00:34,  1.34it/s]
train:  61%|######    | 70/115 [01:04<00:33,  1.35it/s]
train:  62%|######1   | 71/115 [01:05<00:32,  1.34it/s]
train:  63%|######2   | 72/115 [01:06<00:32,  1.34it/s]
train:  63%|######3   | 73/115 [01:06<00:31,  1.34it/s]
train:  64%|######4   | 74/115 [01:07<00:30,  1.34it/s]
train:  65%|######5   | 75/115 [01:08<00:29,  1.34it/s]
train:  66%|######6   | 76/115 [01:09<00:28,  1.35it/s]
train:  67%|######6   | 77/115 [01:09<00:28,  1.35it/s]
train:  68%|######7   | 78/115 [01:10<00:27,  1.35it/s]
train:  69%|######8   | 79/115 [01:11<00:26,  1.35it/s]
train:  70%|######9   | 80/115 [01:12<00:26,  1.34it/s]
train:  70%|#######   | 81/115 [01:12<00:25,  1.34it/s]
train:  71%|#######1  | 82/115 [01:13<00:24,  1.34it/s]
train:  72%|#######2  | 83/115 [01:14<00:23,  1.34it/s]
train:  73%|#######3  | 84/115 [01:15<00:23,  1.34it/s]
train:  74%|#######3  | 85/115 [01:15<00:22,  1.34it/s]
train:  75%|#######4  | 86/115 [01:16<00:21,  1.34it/s]
train:  76%|#######5  | 87/115 [01:17<00:20,  1.34it/s]
train:  77%|#######6  | 88/115 [01:18<00:20,  1.34it/s]
train:  77%|#######7  | 89/115 [01:18<00:19,  1.34it/s]
train:  78%|#######8  | 90/115 [01:19<00:18,  1.34it/s]
train:  79%|#######9  | 91/115 [01:20<00:17,  1.34it/s]
train:  80%|########  | 92/115 [01:21<00:17,  1.34it/s]
train:  81%|########  | 93/115 [01:21<00:16,  1.34it/s]
train:  82%|########1 | 94/115 [01:22<00:15,  1.34it/s]
train:  83%|########2 | 95/115 [01:23<00:14,  1.34it/s]
train:  83%|########3 | 96/115 [01:24<00:14,  1.34it/s]
train:  84%|########4 | 97/115 [01:24<00:13,  1.34it/s]
train:  85%|########5 | 98/115 [01:25<00:12,  1.34it/s]
train:  86%|########6 | 99/115 [01:26<00:11,  1.34it/s]
train:  87%|########6 | 100/115 [01:27<00:11,  1.35it/s]
train:  88%|########7 | 101/115 [01:27<00:10,  1.35it/s]
train:  89%|########8 | 102/115 [01:28<00:09,  1.34it/s]
train:  90%|########9 | 103/115 [01:29<00:08,  1.34it/s]
train:  90%|######### | 104/115 [01:30<00:08,  1.34it/s]
train:  91%|#########1| 105/115 [01:30<00:07,  1.34it/s]
train:  92%|#########2| 106/115 [01:31<00:06,  1.35it/s]
train:  93%|#########3| 107/115 [01:32<00:05,  1.35it/s]
train:  94%|#########3| 108/115 [01:32<00:05,  1.35it/s]
train:  95%|#########4| 109/115 [01:33<00:04,  1.34it/s]
train:  96%|#########5| 110/115 [01:34<00:03,  1.34it/s]
train:  97%|#########6| 111/115 [01:35<00:02,  1.34it/s]
train:  97%|#########7| 112/115 [01:35<00:02,  1.34it/s]
train:  98%|#########8| 113/115 [01:36<00:01,  1.34it/s]
train:  99%|#########9| 114/115 [01:37<00:00,  1.34it/s]
train: 100%|##########| 115/115 [01:37<00:00,  1.68it/s]
                                                        

eval:   0%|          | 0/10 [00:00<?, ?it/s]
eval:  10%|#         | 1/10 [00:12<01:54, 12.69s/it]
eval:  30%|###       | 3/10 [00:12<00:23,  3.36s/it]
eval:  50%|#####     | 5/10 [00:13<00:08,  1.68s/it]
eval:  70%|#######   | 7/10 [00:13<00:03,  1.01s/it]
eval:  90%|######### | 9/10 [00:13<00:00,  1.51it/s]
epoch=13 train_loss=0.0228 val_auroc=0.9446 train_s=98.4 val_s=14.2
                                                    

train:   0%|          | 0/115 [00:00<?, ?it/s]
train:   1%|          | 1/115 [00:13<25:17, 13.31s/it]
train:   2%|1         | 2/115 [00:14<11:08,  5.92s/it]
train:   3%|2         | 3/115 [00:14<06:38,  3.56s/it]
train:   3%|3         | 4/115 [00:15<04:31,  2.44s/it]
train:   4%|4         | 5/115 [00:16<03:21,  1.83s/it]
train:   5%|5         | 6/115 [00:17<02:39,  1.46s/it]
train:   6%|6         | 7/115 [00:17<02:12,  1.23s/it]
train:   7%|6         | 8/115 [00:18<01:54,  1.07s/it]
train:   8%|7         | 9/115 [00:19<01:42,  1.03it/s]
train:   9%|8         | 10/115 [00:19<01:34,  1.11it/s]
train:  10%|9         | 11/115 [00:20<01:28,  1.17it/s]
train:  10%|#         | 12/115 [00:21<01:24,  1.22it/s]
train:  11%|#1        | 13/115 [00:22<01:21,  1.26it/s]
train:  12%|#2        | 14/115 [00:22<01:18,  1.28it/s]
train:  13%|#3        | 15/115 [00:23<01:17,  1.30it/s]
train:  14%|#3        | 16/115 [00:24<01:15,  1.31it/s]
train:  15%|#4        | 17/115 [00:25<01:14,  1.32it/s]
train:  16%|#5        | 18/115 [00:25<01:12,  1.33it/s]
train:  17%|#6        | 19/115 [00:26<01:12,  1.33it/s]
train:  17%|#7        | 20/115 [00:27<01:10,  1.34it/s]
train:  18%|#8        | 21/115 [00:28<01:10,  1.34it/s]
train:  19%|#9        | 22/115 [00:28<01:09,  1.34it/s]
train:  20%|##        | 23/115 [00:29<01:08,  1.34it/s]
train:  21%|##        | 24/115 [00:30<01:07,  1.34it/s]
train:  22%|##1       | 25/115 [00:31<01:07,  1.34it/s]
train:  23%|##2       | 26/115 [00:31<01:06,  1.34it/s]
train:  23%|##3       | 27/115 [00:32<01:05,  1.34it/s]
train:  24%|##4       | 28/115 [00:33<01:04,  1.34it/s]
train:  25%|##5       | 29/115 [00:34<01:03,  1.34it/s]
train:  26%|##6       | 30/115 [00:34<01:03,  1.35it/s]
train:  27%|##6       | 31/115 [00:35<01:02,  1.35it/s]
train:  28%|##7       | 32/115 [00:36<01:01,  1.34it/s]
train:  29%|##8       | 33/115 [00:37<01:01,  1.34it/s]
train:  30%|##9       | 34/115 [00:37<01:00,  1.34it/s]
train:  30%|###       | 35/115 [00:38<00:59,  1.34it/s]
train:  31%|###1      | 36/115 [00:39<00:58,  1.35it/s]
train:  32%|###2      | 37/115 [00:40<00:57,  1.35it/s]
train:  33%|###3      | 38/115 [00:40<00:57,  1.34it/s]
train:  34%|###3      | 39/115 [00:41<00:56,  1.35it/s]
train:  35%|###4      | 40/115 [00:42<00:55,  1.35it/s]
train:  36%|###5      | 41/115 [00:43<00:55,  1.34it/s]
train:  37%|###6      | 42/115 [00:43<00:54,  1.35it/s]
train:  37%|###7      | 43/115 [00:44<00:53,  1.35it/s]
train:  38%|###8      | 44/115 [00:45<00:52,  1.35it/s]
train:  39%|###9      | 45/115 [00:46<00:51,  1.35it/s]
train:  40%|####      | 46/115 [00:46<00:51,  1.34it/s]
train:  41%|####      | 47/115 [00:47<00:50,  1.34it/s]
train:  42%|####1     | 48/115 [00:48<00:49,  1.34it/s]
train:  43%|####2     | 49/115 [00:49<00:49,  1.34it/s]
train:  43%|####3     | 50/115 [00:49<00:48,  1.35it/s]
train:  44%|####4     | 51/115 [00:50<00:47,  1.35it/s]
train:  45%|####5     | 52/115 [00:51<00:46,  1.34it/s]
train:  46%|####6     | 53/115 [00:51<00:46,  1.35it/s]
train:  47%|####6     | 54/115 [00:52<00:45,  1.34it/s]
train:  48%|####7     | 55/115 [00:53<00:44,  1.35it/s]
train:  49%|####8     | 56/115 [00:54<00:43,  1.35it/s]
train:  50%|####9     | 57/115 [00:54<00:43,  1.35it/s]
train:  50%|#####     | 58/115 [00:55<00:42,  1.34it/s]
train:  51%|#####1    | 59/115 [00:56<00:41,  1.34it/s]
train:  52%|#####2    | 60/115 [00:57<00:40,  1.34it/s]
train:  53%|#####3    | 61/115 [00:57<00:40,  1.34it/s]
train:  54%|#####3    | 62/115 [00:58<00:39,  1.34it/s]
train:  55%|#####4    | 63/115 [00:59<00:38,  1.34it/s]
train:  56%|#####5    | 64/115 [01:00<00:37,  1.35it/s]
train:  57%|#####6    | 65/115 [01:00<00:37,  1.35it/s]
train:  57%|#####7    | 66/115 [01:01<00:36,  1.35it/s]
train:  58%|#####8    | 67/115 [01:02<00:35,  1.35it/s]
train:  59%|#####9    | 68/115 [01:03<00:34,  1.34it/s]
train:  60%|######    | 69/115 [01:03<00:34,  1.34it/s]
train:  61%|######    | 70/115 [01:04<00:33,  1.34it/s]
train:  62%|######1   | 71/115 [01:05<00:32,  1.34it/s]
train:  63%|######2   | 72/115 [01:06<00:32,  1.34it/s]
train:  63%|######3   | 73/115 [01:06<00:31,  1.34it/s]
train:  64%|######4   | 74/115 [01:07<00:30,  1.34it/s]
train:  65%|######5   | 75/115 [01:08<00:29,  1.34it/s]
train:  66%|######6   | 76/115 [01:09<00:28,  1.34it/s]
train:  67%|######6   | 77/115 [01:09<00:28,  1.34it/s]
train:  68%|######7   | 78/115 [01:10<00:27,  1.35it/s]
train:  69%|######8   | 79/115 [01:11<00:26,  1.34it/s]
train:  70%|######9   | 80/115 [01:12<00:26,  1.34it/s]
train:  70%|#######   | 81/115 [01:12<00:25,  1.34it/s]
train:  71%|#######1  | 82/115 [01:13<00:24,  1.35it/s]
train:  72%|#######2  | 83/115 [01:14<00:23,  1.34it/s]
train:  73%|#######3  | 84/115 [01:15<00:23,  1.35it/s]
train:  74%|#######3  | 85/115 [01:15<00:22,  1.35it/s]
train:  75%|#######4  | 86/115 [01:16<00:21,  1.34it/s]
train:  76%|#######5  | 87/115 [01:17<00:20,  1.35it/s]
train:  77%|#######6  | 88/115 [01:18<00:20,  1.35it/s]
train:  77%|#######7  | 89/115 [01:18<00:19,  1.34it/s]
train:  78%|#######8  | 90/115 [01:19<00:18,  1.35it/s]
train:  79%|#######9  | 91/115 [01:20<00:17,  1.35it/s]
train:  80%|########  | 92/115 [01:20<00:17,  1.35it/s]
train:  81%|########  | 93/115 [01:21<00:16,  1.35it/s]
train:  82%|########1 | 94/115 [01:22<00:15,  1.35it/s]
train:  83%|########2 | 95/115 [01:23<00:14,  1.35it/s]
train:  83%|########3 | 96/115 [01:23<00:14,  1.34it/s]
train:  84%|########4 | 97/115 [01:24<00:13,  1.34it/s]
train:  85%|########5 | 98/115 [01:25<00:12,  1.34it/s]
train:  86%|########6 | 99/115 [01:26<00:11,  1.34it/s]
train:  87%|########6 | 100/115 [01:26<00:11,  1.34it/s]
train:  88%|########7 | 101/115 [01:27<00:10,  1.34it/s]
train:  89%|########8 | 102/115 [01:28<00:09,  1.34it/s]
train:  90%|########9 | 103/115 [01:29<00:08,  1.35it/s]
train:  90%|######### | 104/115 [01:29<00:08,  1.34it/s]
train:  91%|#########1| 105/115 [01:30<00:07,  1.34it/s]
train:  92%|#########2| 106/115 [01:31<00:06,  1.34it/s]
train:  93%|#########3| 107/115 [01:32<00:05,  1.35it/s]
train:  94%|#########3| 108/115 [01:32<00:05,  1.35it/s]
train:  95%|#########4| 109/115 [01:33<00:04,  1.35it/s]
train:  96%|#########5| 110/115 [01:34<00:03,  1.35it/s]
train:  97%|#########6| 111/115 [01:35<00:02,  1.34it/s]
train:  97%|#########7| 112/115 [01:35<00:02,  1.34it/s]
train:  98%|#########8| 113/115 [01:36<00:01,  1.34it/s]
train:  99%|#########9| 114/115 [01:37<00:00,  1.34it/s]
train: 100%|##########| 115/115 [01:37<00:00,  1.67it/s]
                                                        

eval:   0%|          | 0/10 [00:00<?, ?it/s]
eval:  10%|#         | 1/10 [00:12<01:56, 12.93s/it]
eval:  30%|###       | 3/10 [00:13<00:23,  3.42s/it]
eval:  50%|#####     | 5/10 [00:13<00:08,  1.71s/it]
eval:  70%|#######   | 7/10 [00:13<00:03,  1.03s/it]
eval:  90%|######### | 9/10 [00:13<00:00,  1.48it/s]
epoch=14 train_loss=0.0292 val_auroc=0.9112 train_s=98.3 val_s=14.5
                                                    

train:   0%|          | 0/115 [00:00<?, ?it/s]
train:   1%|          | 1/115 [00:13<25:37, 13.49s/it]
train:   2%|1         | 2/115 [00:14<11:16,  5.99s/it]
train:   3%|2         | 3/115 [00:14<06:42,  3.59s/it]
train:   3%|3         | 4/115 [00:15<04:33,  2.47s/it]
train:   4%|4         | 5/115 [00:16<03:23,  1.85s/it]
train:   5%|5         | 6/115 [00:17<02:40,  1.47s/it]
train:   6%|6         | 7/115 [00:17<02:13,  1.23s/it]
train:   7%|6         | 8/115 [00:18<01:55,  1.08s/it]
train:   8%|7         | 9/115 [00:19<01:43,  1.03it/s]
train:   9%|8         | 10/115 [00:20<01:34,  1.11it/s]
train:  10%|9         | 11/115 [00:20<01:28,  1.17it/s]
train:  10%|#         | 12/115 [00:21<01:24,  1.22it/s]
train:  11%|#1        | 13/115 [00:22<01:21,  1.25it/s]
train:  12%|#2        | 14/115 [00:23<01:18,  1.28it/s]
train:  13%|#3        | 15/115 [00:23<01:17,  1.30it/s]
train:  14%|#3        | 16/115 [00:24<01:15,  1.31it/s]
train:  15%|#4        | 17/115 [00:25<01:14,  1.32it/s]
train:  16%|#5        | 18/115 [00:26<01:12,  1.33it/s]
train:  17%|#6        | 19/115 [00:26<01:11,  1.34it/s]
train:  17%|#7        | 20/115 [00:27<01:10,  1.34it/s]
train:  18%|#8        | 21/115 [00:28<01:10,  1.34it/s]
train:  19%|#9        | 22/115 [00:29<01:09,  1.34it/s]
train:  20%|##        | 23/115 [00:29<01:08,  1.34it/s]
train:  21%|##        | 24/115 [00:30<01:07,  1.34it/s]
train:  22%|##1       | 25/115 [00:31<01:07,  1.34it/s]
train:  23%|##2       | 26/115 [00:32<01:06,  1.34it/s]
train:  23%|##3       | 27/115 [00:32<01:05,  1.34it/s]
train:  24%|##4       | 28/115 [00:33<01:04,  1.34it/s]
train:  25%|##5       | 29/115 [00:34<01:03,  1.35it/s]
train:  26%|##6       | 30/115 [00:35<01:03,  1.35it/s]
train:  27%|##6       | 31/115 [00:35<01:02,  1.35it/s]
train:  28%|##7       | 32/115 [00:36<01:01,  1.35it/s]
train:  29%|##8       | 33/115 [00:37<01:00,  1.35it/s]
train:  30%|##9       | 34/115 [00:38<01:00,  1.35it/s]
train:  30%|###       | 35/115 [00:38<00:59,  1.34it/s]
train:  31%|###1      | 36/115 [00:39<00:58,  1.34it/s]
train:  32%|###2      | 37/115 [00:40<00:58,  1.34it/s]
train:  33%|###3      | 38/115 [00:40<00:57,  1.34it/s]
train:  34%|###3      | 39/115 [00:41<00:56,  1.34it/s]
train:  35%|###4      | 40/115 [00:42<00:55,  1.34it/s]
train:  36%|###5      | 41/115 [00:43<00:55,  1.34it/s]
train:  37%|###6      | 42/115 [00:43<00:54,  1.34it/s]
train:  37%|###7      | 43/115 [00:44<00:53,  1.34it/s]
train:  38%|###8      | 44/115 [00:45<00:52,  1.34it/s]
train:  39%|###9      | 45/115 [00:46<00:51,  1.35it/s]
train:  40%|####      | 46/115 [00:46<00:51,  1.35it/s]
train:  41%|####      | 47/115 [00:47<00:50,  1.35it/s]
train:  42%|####1     | 48/115 [00:48<00:49,  1.35it/s]
train:  43%|####2     | 49/115 [00:49<00:49,  1.35it/s]
train:  43%|####3     | 50/115 [00:49<00:48,  1.35it/s]
train:  44%|####4     | 51/115 [00:50<00:47,  1.34it/s]
train:  45%|####5     | 52/115 [00:51<00:46,  1.34it/s]
train:  46%|####6     | 53/115 [00:52<00:46,  1.34it/s]
train:  47%|####6     | 54/115 [00:52<00:45,  1.34it/s]
train:  48%|####7     | 55/115 [00:53<00:44,  1.34it/s]
train:  49%|####8     | 56/115 [00:54<00:43,  1.34it/s]
train:  50%|####9     | 57/115 [00:55<00:43,  1.34it/s]
train:  50%|#####     | 58/115 [00:55<00:42,  1.34it/s]
train:  51%|#####1    | 59/115 [00:56<00:41,  1.34it/s]
train:  52%|#####2    | 60/115 [00:57<00:40,  1.34it/s]
train:  53%|#####3    | 61/115 [00:58<00:40,  1.34it/s]
train:  54%|#####3    | 62/115 [00:58<00:39,  1.34it/s]
train:  55%|#####4    | 63/115 [00:59<00:38,  1.34it/s]
train:  56%|#####5    | 64/115 [01:00<00:37,  1.34it/s]
train:  57%|#####6    | 65/115 [01:01<00:37,  1.34it/s]
train:  57%|#####7    | 66/115 [01:01<00:36,  1.34it/s]
train:  58%|#####8    | 67/115 [01:02<00:35,  1.34it/s]
train:  59%|#####9    | 68/115 [01:03<00:34,  1.34it/s]
train:  60%|######    | 69/115 [01:04<00:34,  1.35it/s]
train:  61%|######    | 70/115 [01:04<00:33,  1.34it/s]
train:  62%|######1   | 71/115 [01:05<00:32,  1.34it/s]
train:  63%|######2   | 72/115 [01:06<00:31,  1.35it/s]
train:  63%|######3   | 73/115 [01:07<00:31,  1.35it/s]
train:  64%|######4   | 74/115 [01:07<00:30,  1.35it/s]
train:  65%|######5   | 75/115 [01:08<00:29,  1.34it/s]
train:  66%|######6   | 76/115 [01:09<00:28,  1.35it/s]
train:  67%|######6   | 77/115 [01:10<00:28,  1.34it/s]
train:  68%|######7   | 78/115 [01:10<00:27,  1.34it/s]
train:  69%|######8   | 79/115 [01:11<00:26,  1.35it/s]
train:  70%|######9   | 80/115 [01:12<00:25,  1.35it/s]
train:  70%|#######   | 81/115 [01:12<00:25,  1.35it/s]
train:  71%|#######1  | 82/115 [01:13<00:24,  1.35it/s]
train:  72%|#######2  | 83/115 [01:14<00:23,  1.35it/s]
train:  73%|#######3  | 84/115 [01:15<00:23,  1.34it/s]
train:  74%|#######3  | 85/115 [01:15<00:22,  1.34it/s]
train:  75%|#######4  | 86/115 [01:16<00:21,  1.34it/s]
train:  76%|#######5  | 87/115 [01:17<00:20,  1.34it/s]
train:  77%|#######6  | 88/115 [01:18<00:20,  1.34it/s]
train:  77%|#######7  | 89/115 [01:18<00:19,  1.34it/s]
train:  78%|#######8  | 90/115 [01:19<00:18,  1.34it/s]
train:  79%|#######9  | 91/115 [01:20<00:17,  1.34it/s]
train:  80%|########  | 92/115 [01:21<00:17,  1.35it/s]
train:  81%|########  | 93/115 [01:21<00:16,  1.35it/s]
train:  82%|########1 | 94/115 [01:22<00:15,  1.35it/s]
train:  83%|########2 | 95/115 [01:23<00:14,  1.35it/s]
train:  83%|########3 | 96/115 [01:24<00:14,  1.34it/s]
train:  84%|########4 | 97/115 [01:24<00:13,  1.34it/s]
train:  85%|########5 | 98/115 [01:25<00:12,  1.34it/s]
train:  86%|########6 | 99/115 [01:26<00:11,  1.34it/s]
train:  87%|########6 | 100/115 [01:27<00:11,  1.34it/s]
train:  88%|########7 | 101/115 [01:27<00:10,  1.34it/s]
train:  89%|########8 | 102/115 [01:28<00:09,  1.34it/s]
train:  90%|########9 | 103/115 [01:29<00:08,  1.34it/s]
train:  90%|######### | 104/115 [01:30<00:08,  1.34it/s]
train:  91%|#########1| 105/115 [01:30<00:07,  1.34it/s]
train:  92%|#########2| 106/115 [01:31<00:06,  1.34it/s]
train:  93%|#########3| 107/115 [01:32<00:05,  1.34it/s]
train:  94%|#########3| 108/115 [01:33<00:05,  1.34it/s]
train:  95%|#########4| 109/115 [01:33<00:04,  1.34it/s]
train:  96%|#########5| 110/115 [01:34<00:03,  1.34it/s]
train:  97%|#########6| 111/115 [01:35<00:02,  1.34it/s]
train:  97%|#########7| 112/115 [01:36<00:02,  1.34it/s]
train:  98%|#########8| 113/115 [01:36<00:01,  1.34it/s]
train:  99%|#########9| 114/115 [01:37<00:00,  1.34it/s]
train: 100%|##########| 115/115 [01:37<00:00,  1.67it/s]
                                                        

eval:   0%|          | 0/10 [00:00<?, ?it/s]
eval:  10%|#         | 1/10 [00:12<01:54, 12.72s/it]
eval:  30%|###       | 3/10 [00:12<00:23,  3.37s/it]
eval:  50%|#####     | 5/10 [00:13<00:08,  1.68s/it]
eval:  70%|#######   | 7/10 [00:13<00:03,  1.01s/it]
eval:  90%|######### | 9/10 [00:13<00:00,  1.51it/s]
epoch=15 train_loss=0.0288 val_auroc=0.9128 train_s=98.5 val_s=14.2
                                                    

train:   0%|          | 0/115 [00:00<?, ?it/s]
train:   1%|          | 1/115 [00:13<25:30, 13.42s/it]
train:   2%|1         | 2/115 [00:14<11:13,  5.96s/it]
train:   3%|2         | 3/115 [00:14<06:40,  3.58s/it]
train:   3%|3         | 4/115 [00:15<04:33,  2.46s/it]
train:   4%|4         | 5/115 [00:16<03:22,  1.84s/it]
train:   5%|5         | 6/115 [00:17<02:40,  1.47s/it]
train:   6%|6         | 7/115 [00:17<02:13,  1.23s/it]
train:   7%|6         | 8/115 [00:18<01:55,  1.08s/it]
train:   8%|7         | 9/115 [00:19<01:43,  1.03it/s]
train:   9%|8         | 10/115 [00:20<01:34,  1.11it/s]
train:  10%|9         | 11/115 [00:20<01:28,  1.17it/s]
train:  10%|#         | 12/115 [00:21<01:24,  1.22it/s]
train:  11%|#1        | 13/115 [00:22<01:21,  1.26it/s]
train:  12%|#2        | 14/115 [00:23<01:18,  1.28it/s]
train:  13%|#3        | 15/115 [00:23<01:16,  1.30it/s]
train:  14%|#3        | 16/115 [00:24<01:15,  1.31it/s]
train:  15%|#4        | 17/115 [00:25<01:14,  1.32it/s]
train:  16%|#5        | 18/115 [00:26<01:13,  1.33it/s]
train:  17%|#6        | 19/115 [00:26<01:12,  1.33it/s]
train:  17%|#7        | 20/115 [00:27<01:11,  1.34it/s]
train:  18%|#8        | 21/115 [00:28<01:10,  1.34it/s]
train:  19%|#9        | 22/115 [00:29<01:09,  1.34it/s]
train:  20%|##        | 23/115 [00:29<01:08,  1.34it/s]
train:  21%|##        | 24/115 [00:30<01:07,  1.34it/s]
train:  22%|##1       | 25/115 [00:31<01:07,  1.34it/s]
train:  23%|##2       | 26/115 [00:32<01:06,  1.34it/s]
train:  23%|##3       | 27/115 [00:32<01:05,  1.34it/s]
train:  24%|##4       | 28/115 [00:33<01:04,  1.35it/s]
train:  25%|##5       | 29/115 [00:34<01:03,  1.35it/s]
train:  26%|##6       | 30/115 [00:34<01:03,  1.34it/s]
train:  27%|##6       | 31/115 [00:35<01:02,  1.34it/s]
train:  28%|##7       | 32/115 [00:36<01:01,  1.34it/s]
train:  29%|##8       | 33/115 [00:37<01:01,  1.34it/s]
train:  30%|##9       | 34/115 [00:37<01:00,  1.34it/s]
train:  30%|###       | 35/115 [00:38<00:59,  1.34it/s]
train:  31%|###1      | 36/115 [00:39<00:58,  1.34it/s]
train:  32%|###2      | 37/115 [00:40<00:58,  1.34it/s]
train:  33%|###3      | 38/115 [00:40<00:57,  1.34it/s]
train:  34%|###3      | 39/115 [00:41<00:56,  1.34it/s]
train:  35%|###4      | 40/115 [00:42<00:55,  1.35it/s]
train:  36%|###5      | 41/115 [00:43<00:54,  1.35it/s]
train:  37%|###6      | 42/115 [00:43<00:54,  1.34it/s]
train:  37%|###7      | 43/115 [00:44<00:53,  1.35it/s]
train:  38%|###8      | 44/115 [00:45<00:52,  1.35it/s]
train:  39%|###9      | 45/115 [00:46<00:52,  1.34it/s]
train:  40%|####      | 46/115 [00:46<00:51,  1.34it/s]
train:  41%|####      | 47/115 [00:47<00:50,  1.34it/s]
train:  42%|####1     | 48/115 [00:48<00:49,  1.34it/s]
train:  43%|####2     | 49/115 [00:49<00:49,  1.34it/s]
train:  43%|####3     | 50/115 [00:49<00:48,  1.34it/s]
train:  44%|####4     | 51/115 [00:50<00:47,  1.34it/s]
train:  45%|####5     | 52/115 [00:51<00:46,  1.34it/s]
train:  46%|####6     | 53/115 [00:52<00:46,  1.35it/s]
train:  47%|####6     | 54/115 [00:52<00:45,  1.34it/s]
train:  48%|####7     | 55/115 [00:53<00:44,  1.35it/s]
train:  49%|####8     | 56/115 [00:54<00:43,  1.34it/s]
train:  50%|####9     | 57/115 [00:55<00:43,  1.34it/s]
train:  50%|#####     | 58/115 [00:55<00:42,  1.34it/s]
train:  51%|#####1    | 59/115 [00:56<00:41,  1.34it/s]
train:  52%|#####2    | 60/115 [00:57<00:40,  1.34it/s]
train:  53%|#####3    | 61/115 [00:58<00:40,  1.34it/s]
train:  54%|#####3    | 62/115 [00:58<00:39,  1.34it/s]
train:  55%|#####4    | 63/115 [00:59<00:38,  1.34it/s]
train:  56%|#####5    | 64/115 [01:00<00:38,  1.34it/s]
train:  57%|#####6    | 65/115 [01:01<00:37,  1.34it/s]
train:  57%|#####7    | 66/115 [01:01<00:36,  1.34it/s]
train:  58%|#####8    | 67/115 [01:02<00:35,  1.34it/s]
train:  59%|#####9    | 68/115 [01:03<00:34,  1.34it/s]
train:  60%|######    | 69/115 [01:04<00:34,  1.34it/s]
train:  61%|######    | 70/115 [01:04<00:33,  1.34it/s]
train:  62%|######1   | 71/115 [01:05<00:32,  1.34it/s]
train:  63%|######2   | 72/115 [01:06<00:32,  1.34it/s]
train:  63%|######3   | 73/115 [01:06<00:31,  1.34it/s]
train:  64%|######4   | 74/115 [01:07<00:30,  1.34it/s]
train:  65%|######5   | 75/115 [01:08<00:29,  1.34it/s]
train:  66%|######6   | 76/115 [01:09<00:29,  1.34it/s]
train:  67%|######6   | 77/115 [01:09<00:28,  1.34it/s]
train:  68%|######7   | 78/115 [01:10<00:27,  1.35it/s]
train:  69%|######8   | 79/115 [01:11<00:26,  1.34it/s]
train:  70%|######9   | 80/115 [01:12<00:26,  1.34it/s]
train:  70%|#######   | 81/115 [01:12<00:25,  1.34it/s]
train:  71%|#######1  | 82/115 [01:13<00:24,  1.34it/s]
train:  72%|#######2  | 83/115 [01:14<00:23,  1.34it/s]
train:  73%|#######3  | 84/115 [01:15<00:23,  1.34it/s]
train:  74%|#######3  | 85/115 [01:15<00:22,  1.34it/s]
train:  75%|#######4  | 86/115 [01:16<00:21,  1.35it/s]
train:  76%|#######5  | 87/115 [01:17<00:20,  1.34it/s]
train:  77%|#######6  | 88/115 [01:18<00:20,  1.34it/s]
train:  77%|#######7  | 89/115 [01:18<00:19,  1.34it/s]
train:  78%|#######8  | 90/115 [01:19<00:18,  1.34it/s]
train:  79%|#######9  | 91/115 [01:20<00:17,  1.34it/s]
train:  80%|########  | 92/115 [01:21<00:17,  1.34it/s]
train:  81%|########  | 93/115 [01:21<00:16,  1.34it/s]
train:  82%|########1 | 94/115 [01:22<00:15,  1.35it/s]
train:  83%|########2 | 95/115 [01:23<00:14,  1.35it/s]
train:  83%|########3 | 96/115 [01:24<00:14,  1.34it/s]
train:  84%|########4 | 97/115 [01:24<00:13,  1.34it/s]
train:  85%|########5 | 98/115 [01:25<00:12,  1.34it/s]
train:  86%|########6 | 99/115 [01:26<00:11,  1.34it/s]
train:  87%|########6 | 100/115 [01:27<00:11,  1.34it/s]
train:  88%|########7 | 101/115 [01:27<00:10,  1.34it/s]
train:  89%|########8 | 102/115 [01:28<00:09,  1.34it/s]
train:  90%|########9 | 103/115 [01:29<00:08,  1.34it/s]
train:  90%|######### | 104/115 [01:30<00:08,  1.34it/s]
train:  91%|#########1| 105/115 [01:30<00:07,  1.34it/s]
train:  92%|#########2| 106/115 [01:31<00:06,  1.34it/s]
train:  93%|#########3| 107/115 [01:32<00:05,  1.34it/s]
train:  94%|#########3| 108/115 [01:33<00:05,  1.34it/s]
train:  95%|#########4| 109/115 [01:33<00:04,  1.34it/s]
train:  96%|#########5| 110/115 [01:34<00:03,  1.34it/s]
train:  97%|#########6| 111/115 [01:35<00:02,  1.34it/s]
train:  97%|#########7| 112/115 [01:36<00:02,  1.34it/s]
train:  98%|#########8| 113/115 [01:36<00:01,  1.34it/s]
train:  99%|#########9| 114/115 [01:37<00:00,  1.34it/s]
train: 100%|##########| 115/115 [01:37<00:00,  1.68it/s]
                                                        

eval:   0%|          | 0/10 [00:00<?, ?it/s]
eval:  10%|#         | 1/10 [00:12<01:56, 12.90s/it]
eval:  30%|###       | 3/10 [00:13<00:23,  3.41s/it]
eval:  50%|#####     | 5/10 [00:13<00:08,  1.71s/it]
eval:  70%|#######   | 7/10 [00:13<00:03,  1.02s/it]
eval:  90%|######### | 9/10 [00:13<00:00,  1.49it/s]
epoch=16 train_loss=0.0310 val_auroc=0.9420 train_s=98.4 val_s=14.4
                                                    

train:   0%|          | 0/115 [00:00<?, ?it/s]
train:   1%|          | 1/115 [00:13<25:44, 13.55s/it]
train:   2%|1         | 2/115 [00:14<11:19,  6.02s/it]
train:   3%|2         | 3/115 [00:15<06:44,  3.61s/it]
train:   3%|3         | 4/115 [00:15<04:34,  2.48s/it]
train:   4%|4         | 5/115 [00:16<03:23,  1.85s/it]
train:   5%|5         | 6/115 [00:17<02:40,  1.47s/it]
train:   6%|6         | 7/115 [00:18<02:13,  1.24s/it]
train:   7%|6         | 8/115 [00:18<01:55,  1.08s/it]
train:   8%|7         | 9/115 [00:19<01:43,  1.03it/s]
train:   9%|8         | 10/115 [00:20<01:34,  1.11it/s]
train:  10%|9         | 11/115 [00:20<01:28,  1.17it/s]
train:  10%|#         | 12/115 [00:21<01:24,  1.22it/s]
train:  11%|#1        | 13/115 [00:22<01:21,  1.25it/s]
train:  12%|#2        | 14/115 [00:23<01:18,  1.28it/s]
train:  13%|#3        | 15/115 [00:23<01:16,  1.30it/s]
train:  14%|#3        | 16/115 [00:24<01:15,  1.31it/s]
train:  15%|#4        | 17/115 [00:25<01:14,  1.32it/s]
train:  16%|#5        | 18/115 [00:26<01:12,  1.33it/s]
train:  17%|#6        | 19/115 [00:26<01:11,  1.34it/s]
train:  17%|#7        | 20/115 [00:27<01:10,  1.34it/s]
train:  18%|#8        | 21/115 [00:28<01:10,  1.34it/s]
train:  19%|#9        | 22/115 [00:29<01:09,  1.34it/s]
train:  20%|##        | 23/115 [00:29<01:08,  1.34it/s]
train:  21%|##        | 24/115 [00:30<01:07,  1.34it/s]
train:  22%|##1       | 25/115 [00:31<01:06,  1.34it/s]
train:  23%|##2       | 26/115 [00:32<01:06,  1.34it/s]
train:  23%|##3       | 27/115 [00:32<01:05,  1.35it/s]
train:  24%|##4       | 28/115 [00:33<01:04,  1.34it/s]
train:  25%|##5       | 29/115 [00:34<01:04,  1.34it/s]
train:  26%|##6       | 30/115 [00:35<01:03,  1.34it/s]
train:  27%|##6       | 31/115 [00:35<01:02,  1.34it/s]
train:  28%|##7       | 32/115 [00:36<01:01,  1.34it/s]
train:  29%|##8       | 33/115 [00:37<01:00,  1.35it/s]
train:  30%|##9       | 34/115 [00:38<01:00,  1.35it/s]
train:  30%|###       | 35/115 [00:38<00:59,  1.35it/s]
train:  31%|###1      | 36/115 [00:39<00:58,  1.34it/s]
train:  32%|###2      | 37/115 [00:40<00:58,  1.34it/s]
train:  33%|###3      | 38/115 [00:41<00:57,  1.34it/s]
train:  34%|###3      | 39/115 [00:41<00:56,  1.34it/s]
train:  35%|###4      | 40/115 [00:42<00:55,  1.34it/s]
train:  36%|###5      | 41/115 [00:43<00:55,  1.34it/s]
train:  37%|###6      | 42/115 [00:44<00:54,  1.34it/s]
train:  37%|###7      | 43/115 [00:44<00:53,  1.34it/s]
train:  38%|###8      | 44/115 [00:45<00:52,  1.34it/s]
train:  39%|###9      | 45/115 [00:46<00:52,  1.34it/s]
train:  40%|####      | 46/115 [00:47<00:51,  1.34it/s]
train:  41%|####      | 47/115 [00:47<00:50,  1.34it/s]
train:  42%|####1     | 48/115 [00:48<00:49,  1.34it/s]
train:  43%|####2     | 49/115 [00:49<00:49,  1.34it/s]
train:  43%|####3     | 50/115 [00:49<00:48,  1.34it/s]
train:  44%|####4     | 51/115 [00:50<00:47,  1.34it/s]
train:  45%|####5     | 52/115 [00:51<00:46,  1.34it/s]
train:  46%|####6     | 53/115 [00:52<00:46,  1.34it/s]
train:  47%|####6     | 54/115 [00:52<00:45,  1.34it/s]
train:  48%|####7     | 55/115 [00:53<00:44,  1.34it/s]
train:  49%|####8     | 56/115 [00:54<00:43,  1.34it/s]
train:  50%|####9     | 57/115 [00:55<00:43,  1.34it/s]
train:  50%|#####     | 58/115 [00:55<00:42,  1.34it/s]
train:  51%|#####1    | 59/115 [00:56<00:41,  1.34it/s]
train:  52%|#####2    | 60/115 [00:57<00:40,  1.34it/s]
train:  53%|#####3    | 61/115 [00:58<00:40,  1.35it/s]
train:  54%|#####3    | 62/115 [00:58<00:39,  1.35it/s]
train:  55%|#####4    | 63/115 [00:59<00:38,  1.35it/s]
train:  56%|#####5    | 64/115 [01:00<00:37,  1.35it/s]
train:  57%|#####6    | 65/115 [01:01<00:37,  1.34it/s]
train:  57%|#####7    | 66/115 [01:01<00:36,  1.34it/s]
train:  58%|#####8    | 67/115 [01:02<00:35,  1.34it/s]
train:  59%|#####9    | 68/115 [01:03<00:35,  1.34it/s]
train:  60%|######    | 69/115 [01:04<00:34,  1.34it/s]
train:  61%|######    | 70/115 [01:04<00:33,  1.34it/s]
train:  62%|######1   | 71/115 [01:05<00:32,  1.34it/s]
train:  63%|######2   | 72/115 [01:06<00:31,  1.34it/s]
train:  63%|######3   | 73/115 [01:07<00:31,  1.35it/s]
train:  64%|######4   | 74/115 [01:07<00:30,  1.34it/s]
train:  65%|######5   | 75/115 [01:08<00:29,  1.34it/s]
train:  66%|######6   | 76/115 [01:09<00:29,  1.34it/s]
train:  67%|######6   | 77/115 [01:10<00:28,  1.35it/s]
train:  68%|######7   | 78/115 [01:10<00:27,  1.35it/s]
train:  69%|######8   | 79/115 [01:11<00:26,  1.35it/s]
train:  70%|######9   | 80/115 [01:12<00:26,  1.35it/s]
train:  70%|#######   | 81/115 [01:13<00:25,  1.34it/s]
train:  71%|#######1  | 82/115 [01:13<00:24,  1.35it/s]
train:  72%|#######2  | 83/115 [01:14<00:23,  1.35it/s]
train:  73%|#######3  | 84/115 [01:15<00:22,  1.35it/s]
train:  74%|#######3  | 85/115 [01:16<00:22,  1.35it/s]
train:  75%|#######4  | 86/115 [01:16<00:21,  1.35it/s]
train:  76%|#######5  | 87/115 [01:17<00:20,  1.34it/s]
train:  77%|#######6  | 88/115 [01:18<00:20,  1.34it/s]
train:  77%|#######7  | 89/115 [01:19<00:19,  1.34it/s]
train:  78%|#######8  | 90/115 [01:19<00:18,  1.34it/s]
train:  79%|#######9  | 91/115 [01:20<00:17,  1.34it/s]
train:  80%|########  | 92/115 [01:21<00:17,  1.34it/s]
train:  81%|########  | 93/115 [01:21<00:16,  1.34it/s]
train:  82%|########1 | 94/115 [01:22<00:15,  1.34it/s]
train:  83%|########2 | 95/115 [01:23<00:14,  1.34it/s]
train:  83%|########3 | 96/115 [01:24<00:14,  1.34it/s]
train:  84%|########4 | 97/115 [01:24<00:13,  1.34it/s]
train:  85%|########5 | 98/115 [01:25<00:12,  1.34it/s]
train:  86%|########6 | 99/115 [01:26<00:11,  1.34it/s]
train:  87%|########6 | 100/115 [01:27<00:11,  1.34it/s]
train:  88%|########7 | 101/115 [01:27<00:10,  1.34it/s]
train:  89%|########8 | 102/115 [01:28<00:09,  1.34it/s]
train:  90%|########9 | 103/115 [01:29<00:08,  1.34it/s]
train:  90%|######### | 104/115 [01:30<00:08,  1.34it/s]
train:  91%|#########1| 105/115 [01:30<00:07,  1.34it/s]
train:  92%|#########2| 106/115 [01:31<00:06,  1.34it/s]
train:  93%|#########3| 107/115 [01:32<00:05,  1.34it/s]
train:  94%|#########3| 108/115 [01:33<00:05,  1.35it/s]
train:  95%|#########4| 109/115 [01:33<00:04,  1.35it/s]
train:  96%|#########5| 110/115 [01:34<00:03,  1.34it/s]
train:  97%|#########6| 111/115 [01:35<00:02,  1.34it/s]
train:  97%|#########7| 112/115 [01:36<00:02,  1.35it/s]
train:  98%|#########8| 113/115 [01:36<00:01,  1.35it/s]
train:  99%|#########9| 114/115 [01:37<00:00,  1.35it/s]
train: 100%|##########| 115/115 [01:37<00:00,  1.68it/s]
                                                        

eval:   0%|          | 0/10 [00:00<?, ?it/s]
eval:  10%|#         | 1/10 [00:12<01:54, 12.72s/it]
eval:  30%|###       | 3/10 [00:12<00:23,  3.37s/it]
eval:  50%|#####     | 5/10 [00:13<00:08,  1.68s/it]
eval:  70%|#######   | 7/10 [00:13<00:03,  1.01s/it]
eval:  90%|######### | 9/10 [00:13<00:00,  1.51it/s]
epoch=17 train_loss=0.0168 val_auroc=0.9203 train_s=98.6 val_s=14.3
                                                    

train:   0%|          | 0/115 [00:00<?, ?it/s]
train:   1%|          | 1/115 [00:13<25:12, 13.27s/it]
train:   2%|1         | 2/115 [00:14<11:06,  5.90s/it]
train:   3%|2         | 3/115 [00:14<06:36,  3.54s/it]
train:   3%|3         | 4/115 [00:15<04:30,  2.44s/it]
train:   4%|4         | 5/115 [00:16<03:21,  1.83s/it]
train:   5%|5         | 6/115 [00:16<02:39,  1.46s/it]
train:   6%|6         | 7/115 [00:17<02:12,  1.22s/it]
train:   7%|6         | 8/115 [00:18<01:54,  1.07s/it]
train:   8%|7         | 9/115 [00:19<01:42,  1.03it/s]
train:   9%|8         | 10/115 [00:19<01:34,  1.11it/s]
train:  10%|9         | 11/115 [00:20<01:28,  1.17it/s]
train:  10%|#         | 12/115 [00:21<01:24,  1.22it/s]
train:  11%|#1        | 13/115 [00:22<01:21,  1.26it/s]
train:  12%|#2        | 14/115 [00:22<01:18,  1.28it/s]
train:  13%|#3        | 15/115 [00:23<01:16,  1.30it/s]
train:  14%|#3        | 16/115 [00:24<01:15,  1.31it/s]
train:  15%|#4        | 17/115 [00:25<01:14,  1.32it/s]
train:  16%|#5        | 18/115 [00:25<01:12,  1.33it/s]
train:  17%|#6        | 19/115 [00:26<01:11,  1.33it/s]
train:  17%|#7        | 20/115 [00:27<01:11,  1.34it/s]
train:  18%|#8        | 21/115 [00:28<01:10,  1.34it/s]
train:  19%|#9        | 22/115 [00:28<01:09,  1.34it/s]
train:  20%|##        | 23/115 [00:29<01:08,  1.34it/s]
train:  21%|##        | 24/115 [00:30<01:07,  1.34it/s]
train:  22%|##1       | 25/115 [00:31<01:07,  1.34it/s]
train:  23%|##2       | 26/115 [00:31<01:06,  1.34it/s]
train:  23%|##3       | 27/115 [00:32<01:05,  1.34it/s]
train:  24%|##4       | 28/115 [00:33<01:04,  1.35it/s]
train:  25%|##5       | 29/115 [00:34<01:03,  1.34it/s]
train:  26%|##6       | 30/115 [00:34<01:03,  1.34it/s]
train:  27%|##6       | 31/115 [00:35<01:02,  1.34it/s]
train:  28%|##7       | 32/115 [00:36<01:01,  1.34it/s]
train:  29%|##8       | 33/115 [00:37<01:00,  1.34it/s]
train:  30%|##9       | 34/115 [00:37<01:00,  1.34it/s]
train:  30%|###       | 35/115 [00:38<00:59,  1.34it/s]
train:  31%|###1      | 36/115 [00:39<00:58,  1.34it/s]
train:  32%|###2      | 37/115 [00:40<00:58,  1.34it/s]
train:  33%|###3      | 38/115 [00:40<00:57,  1.35it/s]
train:  34%|###3      | 39/115 [00:41<00:56,  1.35it/s]
train:  35%|###4      | 40/115 [00:42<00:55,  1.35it/s]
train:  36%|###5      | 41/115 [00:43<00:54,  1.35it/s]
train:  37%|###6      | 42/115 [00:43<00:54,  1.35it/s]
train:  37%|###7      | 43/115 [00:44<00:53,  1.35it/s]
train:  38%|###8      | 44/115 [00:45<00:52,  1.35it/s]
train:  39%|###9      | 45/115 [00:45<00:52,  1.34it/s]
train:  40%|####      | 46/115 [00:46<00:51,  1.34it/s]
train:  41%|####      | 47/115 [00:47<00:50,  1.34it/s]
train:  42%|####1     | 48/115 [00:48<00:49,  1.34it/s]
train:  43%|####2     | 49/115 [00:48<00:49,  1.34it/s]
train:  43%|####3     | 50/115 [00:49<00:48,  1.34it/s]
train:  44%|####4     | 51/115 [00:50<00:47,  1.34it/s]
train:  45%|####5     | 52/115 [00:51<00:46,  1.35it/s]
train:  46%|####6     | 53/115 [00:51<00:46,  1.34it/s]
train:  47%|####6     | 54/115 [00:52<00:45,  1.34it/s]
train:  48%|####7     | 55/115 [00:53<00:44,  1.35it/s]
train:  49%|####8     | 56/115 [00:54<00:43,  1.34it/s]
train:  50%|####9     | 57/115 [00:54<00:43,  1.34it/s]
train:  50%|#####     | 58/115 [00:55<00:42,  1.34it/s]
train:  51%|#####1    | 59/115 [00:56<00:41,  1.34it/s]
train:  52%|#####2    | 60/115 [00:57<00:40,  1.34it/s]
train:  53%|#####3    | 61/115 [00:57<00:40,  1.34it/s]
train:  54%|#####3    | 62/115 [00:58<00:39,  1.34it/s]
train:  55%|#####4    | 63/115 [00:59<00:38,  1.35it/s]
train:  56%|#####5    | 64/115 [01:00<00:37,  1.35it/s]
train:  57%|#####6    | 65/115 [01:00<00:37,  1.34it/s]
train:  57%|#####7    | 66/115 [01:01<00:36,  1.35it/s]
train:  58%|#####8    | 67/115 [01:02<00:35,  1.34it/s]
train:  59%|#####9    | 68/115 [01:03<00:35,  1.34it/s]
train:  60%|######    | 69/115 [01:03<00:34,  1.34it/s]
train:  61%|######    | 70/115 [01:04<00:33,  1.34it/s]
train:  62%|######1   | 71/115 [01:05<00:32,  1.34it/s]
train:  63%|######2   | 72/115 [01:06<00:32,  1.34it/s]
train:  63%|######3   | 73/115 [01:06<00:31,  1.34it/s]
train:  64%|######4   | 74/115 [01:07<00:30,  1.34it/s]
train:  65%|######5   | 75/115 [01:08<00:29,  1.34it/s]
train:  66%|######6   | 76/115 [01:09<00:29,  1.34it/s]
train:  67%|######6   | 77/115 [01:09<00:28,  1.34it/s]
train:  68%|######7   | 78/115 [01:10<00:27,  1.34it/s]
train:  69%|######8   | 79/115 [01:11<00:26,  1.34it/s]
train:  70%|######9   | 80/115 [01:12<00:26,  1.34it/s]
train:  70%|#######   | 81/115 [01:12<00:25,  1.33it/s]
train:  71%|#######1  | 82/115 [01:13<00:24,  1.33it/s]
train:  72%|#######2  | 83/115 [01:14<00:24,  1.32it/s]
train:  73%|#######3  | 84/115 [01:15<00:23,  1.32it/s]
train:  74%|#######3  | 85/115 [01:15<00:22,  1.31it/s]
train:  75%|#######4  | 86/115 [01:16<00:22,  1.31it/s]
train:  76%|#######5  | 87/115 [01:17<00:21,  1.31it/s]
train:  77%|#######6  | 88/115 [01:18<00:20,  1.31it/s]
train:  77%|#######7  | 89/115 [01:18<00:19,  1.31it/s]
train:  78%|#######8  | 90/115 [01:19<00:19,  1.31it/s]
train:  79%|#######9  | 91/115 [01:20<00:18,  1.31it/s]
train:  80%|########  | 92/115 [01:21<00:17,  1.31it/s]
train:  81%|########  | 93/115 [01:22<00:16,  1.31it/s]
train:  82%|########1 | 94/115 [01:22<00:16,  1.31it/s]
train:  83%|########2 | 95/115 [01:23<00:15,  1.31it/s]
train:  83%|########3 | 96/115 [01:24<00:14,  1.31it/s]
train:  84%|########4 | 97/115 [01:25<00:13,  1.31it/s]
train:  85%|########5 | 98/115 [01:25<00:12,  1.31it/s]
train:  86%|########6 | 99/115 [01:26<00:12,  1.31it/s]
train:  87%|########6 | 100/115 [01:27<00:11,  1.31it/s]
train:  88%|########7 | 101/115 [01:28<00:10,  1.31it/s]
train:  89%|########8 | 102/115 [01:28<00:09,  1.31it/s]
train:  90%|########9 | 103/115 [01:29<00:09,  1.31it/s]
train:  90%|######### | 104/115 [01:30<00:08,  1.31it/s]
train:  91%|#########1| 105/115 [01:31<00:07,  1.31it/s]
train:  92%|#########2| 106/115 [01:31<00:06,  1.31it/s]
train:  93%|#########3| 107/115 [01:32<00:06,  1.31it/s]
train:  94%|#########3| 108/115 [01:33<00:05,  1.31it/s]
train:  95%|#########4| 109/115 [01:34<00:04,  1.31it/s]
train:  96%|#########5| 110/115 [01:34<00:03,  1.31it/s]
train:  97%|#########6| 111/115 [01:35<00:03,  1.31it/s]
train:  97%|#########7| 112/115 [01:36<00:02,  1.31it/s]
train:  98%|#########8| 113/115 [01:37<00:01,  1.31it/s]
train:  99%|#########9| 114/115 [01:38<00:00,  1.31it/s]
train: 100%|##########| 115/115 [01:38<00:00,  1.63it/s]
                                                        

eval:   0%|          | 0/10 [00:00<?, ?it/s]
eval:  10%|#         | 1/10 [00:12<01:54, 12.77s/it]
eval:  30%|###       | 3/10 [00:12<00:23,  3.38s/it]
eval:  50%|#####     | 5/10 [00:13<00:08,  1.69s/it]
eval:  70%|#######   | 7/10 [00:13<00:03,  1.01s/it]
eval:  90%|######### | 9/10 [00:13<00:00,  1.50it/s]
epoch=18 train_loss=0.0108 val_auroc=0.9139 train_s=99.0 val_s=14.3
                                                    

train:   0%|          | 0/115 [00:00<?, ?it/s]
train:   1%|          | 1/115 [00:13<25:16, 13.30s/it]
train:   2%|1         | 2/115 [00:14<11:07,  5.91s/it]
train:   3%|2         | 3/115 [00:14<06:37,  3.55s/it]
train:   3%|3         | 4/115 [00:15<04:31,  2.44s/it]
train:   4%|4         | 5/115 [00:16<03:21,  1.83s/it]
train:   5%|5         | 6/115 [00:17<02:39,  1.46s/it]
train:   6%|6         | 7/115 [00:17<02:12,  1.23s/it]
train:   7%|6         | 8/115 [00:18<01:55,  1.08s/it]
train:   8%|7         | 9/115 [00:19<01:43,  1.02it/s]
train:   9%|8         | 10/115 [00:20<01:35,  1.10it/s]
train:  10%|9         | 11/115 [00:20<01:29,  1.16it/s]
train:  10%|#         | 12/115 [00:21<01:24,  1.21it/s]
train:  11%|#1        | 13/115 [00:22<01:21,  1.25it/s]
train:  12%|#2        | 14/115 [00:23<01:19,  1.27it/s]
train:  13%|#3        | 15/115 [00:23<01:17,  1.29it/s]
train:  14%|#3        | 16/115 [00:24<01:15,  1.31it/s]
train:  15%|#4        | 17/115 [00:25<01:14,  1.32it/s]
train:  16%|#5        | 18/115 [00:26<01:13,  1.32it/s]
train:  17%|#6        | 19/115 [00:26<01:12,  1.33it/s]
train:  17%|#7        | 20/115 [00:27<01:11,  1.34it/s]
train:  18%|#8        | 21/115 [00:28<01:10,  1.34it/s]
train:  19%|#9        | 22/115 [00:28<01:09,  1.34it/s]
train:  20%|##        | 23/115 [00:29<01:08,  1.34it/s]
train:  21%|##        | 24/115 [00:30<01:07,  1.34it/s]
train:  22%|##1       | 25/115 [00:31<01:07,  1.34it/s]
train:  23%|##2       | 26/115 [00:31<01:06,  1.34it/s]
train:  23%|##3       | 27/115 [00:32<01:05,  1.34it/s]
train:  24%|##4       | 28/115 [00:33<01:04,  1.34it/s]
train:  25%|##5       | 29/115 [00:34<01:04,  1.34it/s]
train:  26%|##6       | 30/115 [00:34<01:03,  1.34it/s]
train:  27%|##6       | 31/115 [00:35<01:02,  1.34it/s]
train:  28%|##7       | 32/115 [00:36<01:01,  1.34it/s]
train:  29%|##8       | 33/115 [00:37<01:01,  1.34it/s]
train:  30%|##9       | 34/115 [00:37<01:00,  1.33it/s]
train:  30%|###       | 35/115 [00:38<00:59,  1.33it/s]
train:  31%|###1      | 36/115 [00:39<00:59,  1.34it/s]
train:  32%|###2      | 37/115 [00:40<00:58,  1.34it/s]
train:  33%|###3      | 38/115 [00:40<00:57,  1.34it/s]
train:  34%|###3      | 39/115 [00:41<00:56,  1.34it/s]
train:  35%|###4      | 40/115 [00:42<00:55,  1.34it/s]
train:  36%|###5      | 41/115 [00:43<00:55,  1.34it/s]
train:  37%|###6      | 42/115 [00:43<00:54,  1.34it/s]
train:  37%|###7      | 43/115 [00:44<00:53,  1.34it/s]
train:  38%|###8      | 44/115 [00:45<00:52,  1.34it/s]
train:  39%|###9      | 45/115 [00:46<00:52,  1.34it/s]
train:  40%|####      | 46/115 [00:46<00:51,  1.34it/s]
train:  41%|####      | 47/115 [00:47<00:50,  1.34it/s]
train:  42%|####1     | 48/115 [00:48<00:49,  1.34it/s]
train:  43%|####2     | 49/115 [00:49<00:49,  1.34it/s]
train:  43%|####3     | 50/115 [00:49<00:48,  1.34it/s]
train:  44%|####4     | 51/115 [00:50<00:47,  1.34it/s]
train:  45%|####5     | 52/115 [00:51<00:46,  1.34it/s]
train:  46%|####6     | 53/115 [00:52<00:46,  1.34it/s]
train:  47%|####6     | 54/115 [00:52<00:45,  1.34it/s]
train:  48%|####7     | 55/115 [00:53<00:44,  1.34it/s]
train:  49%|####8     | 56/115 [00:54<00:44,  1.33it/s]
train:  50%|####9     | 57/115 [00:55<00:43,  1.33it/s]
train:  50%|#####     | 58/115 [00:55<00:42,  1.33it/s]
train:  51%|#####1    | 59/115 [00:56<00:41,  1.33it/s]
train:  52%|#####2    | 60/115 [00:57<00:41,  1.34it/s]
train:  53%|#####3    | 61/115 [00:58<00:40,  1.34it/s]
train:  54%|#####3    | 62/115 [00:58<00:39,  1.34it/s]
train:  55%|#####4    | 63/115 [00:59<00:38,  1.33it/s]
train:  56%|#####5    | 64/115 [01:00<00:38,  1.34it/s]
train:  57%|#####6    | 65/115 [01:01<00:37,  1.33it/s]
train:  57%|#####7    | 66/115 [01:01<00:36,  1.33it/s]
train:  58%|#####8    | 67/115 [01:02<00:36,  1.33it/s]
train:  59%|#####9    | 68/115 [01:03<00:35,  1.33it/s]
train:  60%|######    | 69/115 [01:04<00:34,  1.33it/s]
train:  61%|######    | 70/115 [01:04<00:33,  1.33it/s]
train:  62%|######1   | 71/115 [01:05<00:33,  1.33it/s]
train:  63%|######2   | 72/115 [01:06<00:32,  1.33it/s]
train:  63%|######3   | 73/115 [01:07<00:31,  1.33it/s]
train:  64%|######4   | 74/115 [01:07<00:30,  1.33it/s]
train:  65%|######5   | 75/115 [01:08<00:29,  1.33it/s]
train:  66%|######6   | 76/115 [01:09<00:29,  1.34it/s]
train:  67%|######6   | 77/115 [01:10<00:28,  1.34it/s]
train:  68%|######7   | 78/115 [01:10<00:27,  1.34it/s]
train:  69%|######8   | 79/115 [01:11<00:27,  1.33it/s]
train:  70%|######9   | 80/115 [01:12<00:26,  1.34it/s]
train:  70%|#######   | 81/115 [01:13<00:25,  1.33it/s]
train:  71%|#######1  | 82/115 [01:13<00:24,  1.33it/s]
train:  72%|#######2  | 83/115 [01:14<00:24,  1.33it/s]
train:  73%|#######3  | 84/115 [01:15<00:23,  1.33it/s]
train:  74%|#######3  | 85/115 [01:16<00:22,  1.32it/s]
train:  75%|#######4  | 86/115 [01:16<00:21,  1.32it/s]
train:  76%|#######5  | 87/115 [01:17<00:21,  1.32it/s]
train:  77%|#######6  | 88/115 [01:18<00:20,  1.33it/s]
train:  77%|#######7  | 89/115 [01:19<00:19,  1.32it/s]
train:  78%|#######8  | 90/115 [01:19<00:18,  1.33it/s]
train:  79%|#######9  | 91/115 [01:20<00:18,  1.33it/s]
train:  80%|########  | 92/115 [01:21<00:17,  1.32it/s]
train:  81%|########  | 93/115 [01:22<00:16,  1.32it/s]
train:  82%|########1 | 94/115 [01:22<00:15,  1.32it/s]
train:  83%|########2 | 95/115 [01:23<00:15,  1.33it/s]
train:  83%|########3 | 96/115 [01:24<00:14,  1.33it/s]
train:  84%|########4 | 97/115 [01:25<00:13,  1.34it/s]
train:  85%|########5 | 98/115 [01:25<00:12,  1.34it/s]
train:  86%|########6 | 99/115 [01:26<00:11,  1.34it/s]
train:  87%|########6 | 100/115 [01:27<00:11,  1.34it/s]
train:  88%|########7 | 101/115 [01:28<00:10,  1.34it/s]
train:  89%|########8 | 102/115 [01:28<00:09,  1.34it/s]
train:  90%|########9 | 103/115 [01:29<00:08,  1.34it/s]
train:  90%|######### | 104/115 [01:30<00:08,  1.34it/s]
train:  91%|#########1| 105/115 [01:31<00:07,  1.34it/s]
train:  92%|#########2| 106/115 [01:31<00:06,  1.34it/s]
train:  93%|#########3| 107/115 [01:32<00:05,  1.34it/s]
train:  94%|#########3| 108/115 [01:33<00:05,  1.33it/s]
train:  95%|#########4| 109/115 [01:34<00:04,  1.33it/s]
train:  96%|#########5| 110/115 [01:34<00:03,  1.33it/s]
train:  97%|#########6| 111/115 [01:35<00:03,  1.33it/s]
train:  97%|#########7| 112/115 [01:36<00:02,  1.34it/s]
train:  98%|#########8| 113/115 [01:37<00:01,  1.34it/s]
train:  99%|#########9| 114/115 [01:37<00:00,  1.34it/s]
train: 100%|##########| 115/115 [01:38<00:00,  1.66it/s]
                                                        

eval:   0%|          | 0/10 [00:00<?, ?it/s]
eval:  10%|#         | 1/10 [00:12<01:56, 12.98s/it]
eval:  30%|###       | 3/10 [00:13<00:24,  3.43s/it]
eval:  50%|#####     | 5/10 [00:13<00:08,  1.72s/it]
eval:  70%|#######   | 7/10 [00:13<00:03,  1.03s/it]
eval:  90%|######### | 9/10 [00:13<00:00,  1.48it/s]
epoch=19 train_loss=0.0266 val_auroc=0.9026 train_s=98.8 val_s=14.5
Early stop at epoch 19
peak_gpu_memory_mb=6819.9
                                                    

eval:   0%|          | 0/245 [00:00<?, ?it/s]
eval:   0%|          | 1/245 [00:12<52:10, 12.83s/it]
eval:   1%|1         | 3/245 [00:13<13:41,  3.40s/it]
eval:   2%|2         | 5/245 [00:13<06:47,  1.70s/it]
eval:   3%|2         | 7/245 [00:13<04:02,  1.02s/it]
eval:   4%|3         | 9/245 [00:13<02:38,  1.49it/s]
eval:   4%|4         | 11/245 [00:13<01:49,  2.14it/s]
eval:   5%|5         | 13/245 [00:13<01:19,  2.91it/s]
eval:   6%|6         | 15/245 [00:14<01:00,  3.80it/s]
eval:   7%|6         | 17/245 [00:14<00:47,  4.77it/s]
eval:   8%|7         | 19/245 [00:14<00:39,  5.76it/s]
eval:   9%|8         | 21/245 [00:14<00:33,  6.72it/s]
eval:   9%|9         | 23/245 [00:14<00:29,  7.55it/s]
eval:  10%|#         | 25/245 [00:15<00:26,  8.26it/s]
eval:  11%|#1        | 27/245 [00:15<00:24,  8.86it/s]
eval:  12%|#1        | 29/245 [00:15<00:23,  9.33it/s]
eval:  13%|#2        | 31/245 [00:15<00:22,  9.70it/s]
eval:  13%|#3        | 33/245 [00:15<00:21,  9.93it/s]
eval:  14%|#4        | 35/245 [00:16<00:20, 10.11it/s]
eval:  15%|#5        | 37/245 [00:16<00:20, 10.27it/s]
eval:  16%|#5        | 39/245 [00:16<00:19, 10.38it/s]
eval:  17%|#6        | 41/245 [00:16<00:19, 10.48it/s]
eval:  18%|#7        | 43/245 [00:16<00:19, 10.49it/s]
eval:  18%|#8        | 45/245 [00:16<00:19, 10.51it/s]
eval:  19%|#9        | 47/245 [00:17<00:18, 10.54it/s]
eval:  20%|##        | 49/245 [00:17<00:18, 10.56it/s]
eval:  21%|##        | 51/245 [00:17<00:18, 10.60it/s]
eval:  22%|##1       | 53/245 [00:17<00:18, 10.63it/s]
eval:  22%|##2       | 55/245 [00:17<00:17, 10.65it/s]
eval:  23%|##3       | 57/245 [00:18<00:17, 10.64it/s]
eval:  24%|##4       | 59/245 [00:18<00:17, 10.64it/s]
eval:  25%|##4       | 61/245 [00:18<00:17, 10.63it/s]
eval:  26%|##5       | 63/245 [00:18<00:17, 10.63it/s]
eval:  27%|##6       | 65/245 [00:18<00:16, 10.62it/s]
eval:  27%|##7       | 67/245 [00:19<00:16, 10.62it/s]
eval:  28%|##8       | 69/245 [00:19<00:16, 10.60it/s]
eval:  29%|##8       | 71/245 [00:19<00:16, 10.63it/s]
eval:  30%|##9       | 73/245 [00:19<00:16, 10.63it/s]
eval:  31%|###       | 75/245 [00:19<00:16, 10.60it/s]
eval:  31%|###1      | 77/245 [00:19<00:15, 10.58it/s]
eval:  32%|###2      | 79/245 [00:20<00:15, 10.60it/s]
eval:  33%|###3      | 81/245 [00:20<00:15, 10.62it/s]
eval:  34%|###3      | 83/245 [00:20<00:15, 10.61it/s]
eval:  35%|###4      | 85/245 [00:20<00:15, 10.62it/s]
eval:  36%|###5      | 87/245 [00:20<00:14, 10.61it/s]
eval:  36%|###6      | 89/245 [00:21<00:14, 10.61it/s]
eval:  37%|###7      | 91/245 [00:21<00:14, 10.62it/s]
eval:  38%|###7      | 93/245 [00:21<00:14, 10.61it/s]
eval:  39%|###8      | 95/245 [00:21<00:14, 10.61it/s]
eval:  40%|###9      | 97/245 [00:21<00:13, 10.59it/s]
eval:  40%|####      | 99/245 [00:22<00:13, 10.59it/s]
eval:  41%|####1     | 101/245 [00:22<00:13, 10.61it/s]
eval:  42%|####2     | 103/245 [00:22<00:13, 10.60it/s]
eval:  43%|####2     | 105/245 [00:22<00:13, 10.60it/s]
eval:  44%|####3     | 107/245 [00:22<00:13, 10.60it/s]
eval:  44%|####4     | 109/245 [00:22<00:12, 10.60it/s]
eval:  45%|####5     | 111/245 [00:23<00:12, 10.63it/s]
eval:  46%|####6     | 113/245 [00:23<00:12, 10.59it/s]
eval:  47%|####6     | 115/245 [00:23<00:12, 10.59it/s]
eval:  48%|####7     | 117/245 [00:23<00:12, 10.57it/s]
eval:  49%|####8     | 119/245 [00:23<00:11, 10.56it/s]
eval:  49%|####9     | 121/245 [00:24<00:11, 10.56it/s]
eval:  50%|#####     | 123/245 [00:24<00:11, 10.60it/s]
eval:  51%|#####1    | 125/245 [00:24<00:11, 10.57it/s]
eval:  52%|#####1    | 127/245 [00:24<00:11, 10.58it/s]
eval:  53%|#####2    | 129/245 [00:24<00:10, 10.57it/s]
eval:  53%|#####3    | 131/245 [00:25<00:10, 10.58it/s]
eval:  54%|#####4    | 133/245 [00:25<00:10, 10.57it/s]
eval:  55%|#####5    | 135/245 [00:25<00:10, 10.57it/s]
eval:  56%|#####5    | 137/245 [00:25<00:10, 10.60it/s]
eval:  57%|#####6    | 139/245 [00:25<00:10, 10.59it/s]
eval:  58%|#####7    | 141/245 [00:26<00:09, 10.59it/s]
eval:  58%|#####8    | 143/245 [00:26<00:09, 10.62it/s]
eval:  59%|#####9    | 145/245 [00:26<00:09, 10.61it/s]
eval:  60%|######    | 147/245 [00:26<00:09, 10.62it/s]
eval:  61%|######    | 149/245 [00:26<00:09, 10.62it/s]
eval:  62%|######1   | 151/245 [00:26<00:08, 10.60it/s]
eval:  62%|######2   | 153/245 [00:27<00:08, 10.61it/s]
eval:  63%|######3   | 155/245 [00:27<00:08, 10.59it/s]
eval:  64%|######4   | 157/245 [00:27<00:08, 10.63it/s]
eval:  65%|######4   | 159/245 [00:27<00:08, 10.61it/s]
eval:  66%|######5   | 161/245 [00:27<00:07, 10.61it/s]
eval:  67%|######6   | 163/245 [00:28<00:07, 10.60it/s]
eval:  67%|######7   | 165/245 [00:28<00:07, 10.60it/s]
eval:  68%|######8   | 167/245 [00:28<00:07, 10.59it/s]
eval:  69%|######8   | 169/245 [00:28<00:07, 10.59it/s]
eval:  70%|######9   | 171/245 [00:28<00:06, 10.59it/s]
eval:  71%|#######   | 173/245 [00:29<00:06, 10.60it/s]
eval:  71%|#######1  | 175/245 [00:29<00:06, 10.59it/s]
eval:  72%|#######2  | 177/245 [00:29<00:06, 10.61it/s]
eval:  73%|#######3  | 179/245 [00:29<00:06, 10.60it/s]
eval:  74%|#######3  | 181/245 [00:29<00:06, 10.60it/s]
eval:  75%|#######4  | 183/245 [00:29<00:05, 10.62it/s]
eval:  76%|#######5  | 185/245 [00:30<00:05, 10.59it/s]
eval:  76%|#######6  | 187/245 [00:30<00:05, 10.61it/s]
eval:  77%|#######7  | 189/245 [00:30<00:05, 10.58it/s]
eval:  78%|#######7  | 191/245 [00:30<00:05, 10.63it/s]
eval:  79%|#######8  | 193/245 [00:30<00:04, 10.60it/s]
eval:  80%|#######9  | 195/245 [00:31<00:04, 10.61it/s]
eval:  80%|########  | 197/245 [00:31<00:04, 10.60it/s]
eval:  81%|########1 | 199/245 [00:31<00:04, 10.60it/s]
eval:  82%|########2 | 201/245 [00:31<00:04, 10.60it/s]
eval:  83%|########2 | 203/245 [00:31<00:03, 10.59it/s]
eval:  84%|########3 | 205/245 [00:32<00:03, 10.60it/s]
eval:  84%|########4 | 207/245 [00:32<00:03, 10.62it/s]
eval:  85%|########5 | 209/245 [00:32<00:03, 10.61it/s]
eval:  86%|########6 | 211/245 [00:32<00:03, 10.60it/s]
eval:  87%|########6 | 213/245 [00:32<00:03, 10.63it/s]
eval:  88%|########7 | 215/245 [00:32<00:02, 10.61it/s]
eval:  89%|########8 | 217/245 [00:33<00:02, 10.62it/s]
eval:  89%|########9 | 219/245 [00:33<00:02, 10.63it/s]
eval:  90%|######### | 221/245 [00:33<00:02, 10.56it/s]
eval:  91%|#########1| 223/245 [00:33<00:02, 10.61it/s]
eval:  92%|#########1| 225/245 [00:33<00:01, 10.56it/s]
eval:  93%|#########2| 227/245 [00:34<00:01, 10.61it/s]
eval:  93%|#########3| 229/245 [00:34<00:01, 10.64it/s]
eval:  94%|#########4| 231/245 [00:34<00:01, 10.58it/s]
eval:  95%|#########5| 233/245 [00:34<00:01, 10.61it/s]
eval:  96%|#########5| 235/245 [00:34<00:00, 10.60it/s]
eval:  97%|#########6| 237/245 [00:35<00:00, 10.58it/s]
eval:  98%|#########7| 239/245 [00:35<00:00, 10.59it/s]
eval:  98%|#########8| 241/245 [00:35<00:00, 10.60it/s]
eval:  99%|#########9| 243/245 [00:35<00:00, 10.60it/s]
eval: 100%|##########| 245/245 [00:35<00:00, 10.98it/s]
Test metrics (brset_mbrset_retfound_crop_exp1): {'n': 3916, 'accuracy': 0.9346271705822268, 'auroc': 0.9197978071495858, 'sensitivity': 0.782608695652174, 'specificity': 0.9451269451269452}
Results saved to results\brset_mbrset_retfound_crop_exp1
                                                       
